-- MySQL dump 10.13  Distrib 5.5.62, for debian-linux-gnu (x86_64)
--
-- Host: localhost    Database: ken_snhcrm
-- ------------------------------------------------------
-- Server version	5.5.62-0ubuntu0.14.04.1

/*!40101 SET @OLD_CHARACTER_SET_CLIENT=@@CHARACTER_SET_CLIENT */;
/*!40101 SET @OLD_CHARACTER_SET_RESULTS=@@CHARACTER_SET_RESULTS */;
/*!40101 SET @OLD_COLLATION_CONNECTION=@@COLLATION_CONNECTION */;
/*!40101 SET NAMES utf8 */;
/*!40103 SET @OLD_TIME_ZONE=@@TIME_ZONE */;
/*!40103 SET TIME_ZONE='+00:00' */;
/*!40014 SET @OLD_UNIQUE_CHECKS=@@UNIQUE_CHECKS, UNIQUE_CHECKS=0 */;
/*!40014 SET @OLD_FOREIGN_KEY_CHECKS=@@FOREIGN_KEY_CHECKS, FOREIGN_KEY_CHECKS=0 */;
/*!40101 SET @OLD_SQL_MODE=@@SQL_MODE, SQL_MODE='NO_AUTO_VALUE_ON_ZERO' */;
/*!40111 SET @OLD_SQL_NOTES=@@SQL_NOTES, SQL_NOTES=0 */;

--
-- Table structure for table `projects`
--

DROP TABLE IF EXISTS `projects`;
/*!40101 SET @saved_cs_client     = @@character_set_client */;
/*!40101 SET character_set_client = utf8 */;
CREATE TABLE `projects` (
  `PID` int(10) unsigned NOT NULL AUTO_INCREMENT,
  `name` varchar(255) COLLATE utf8_unicode_ci NOT NULL,
  `phone` varchar(15) COLLATE utf8_unicode_ci NOT NULL,
  `email` varchar(255) COLLATE utf8_unicode_ci NOT NULL,
  `address` varchar(255) COLLATE utf8_unicode_ci NOT NULL,
  `status` tinyint(3) unsigned NOT NULL DEFAULT '1',
  `price_out` int(10) unsigned NOT NULL DEFAULT '0',
  `price_in` int(10) unsigned NOT NULL DEFAULT '0',
  `steps` text COLLATE utf8_unicode_ci NOT NULL,
  `assigned` int(10) unsigned NOT NULL,
  `summary` text COLLATE utf8_unicode_ci NOT NULL,
  `pay_1` int(11) NOT NULL DEFAULT '0',
  `pay_2` int(11) NOT NULL DEFAULT '0',
  `sum_out` int(10) unsigned NOT NULL,
  `sum_in` int(10) unsigned NOT NULL,
  `created` int(10) unsigned DEFAULT NULL,
  PRIMARY KEY (`PID`)
) ENGINE=InnoDB AUTO_INCREMENT=1016 DEFAULT CHARSET=utf8 COLLATE=utf8_unicode_ci;
/*!40101 SET character_set_client = @saved_cs_client */;

--
-- Dumping data for table `projects`
--

LOCK TABLES `projects` WRITE;
/*!40000 ALTER TABLE `projects` DISABLE KEYS */;
INSERT INTO `projects` VALUES (123,'Mai Phạm','0949461932','mai@orientaldragon.asia','',1,0,0,'',0,'In Folder In A4, bìa đóng sổ.\nĐặt in Folder\nSố lượng: 300 cái\nTay gấp: 1 bên',0,0,0,0,1557201571),(124,'Yến Ly','0937318435','Zalo','',5,8400000,0,'Thứ 4 ngày 29/5 giao hàng',0,'In offset 4 màu 1 mặt\nCán mờ\nC300gsm, Đục lỗ xỏ quai\n27*37*10cm\nTúi đứng\n- Số lượng 1000 cái. Đơn giá: 8.400 đồng. Thành tiền: 8.400.000 đồng \nBáo giá trên chưa bao gồm VAT 10%',0,0,0,0,1557212091),(125,'Như Thanh','','','',6,0,0,'',0,'In 100 tờ rơi A5',0,0,0,0,1557212838),(126,'Chị TRúc','0767.089.534','truc.tran@microprecision.com','',6,10560000,0,'Xong cho giao hàng',0,'In Profile 11 trang\n- Sử dụng Bìa + ruột giấy C300gsm\n- Đóng cuốn, bấm 2 gim giữa, bìa cán mờ  \n- Số lượng 1000 cuốn. Đơn giá: 8.800 đồng/cuốn. Thành tiền: 8.800.000 đồng',0,0,0,0,1557213625),(127,'Chị Mai','','Decal dầu gội','Sao chưa cho giao?',6,0,0,'Chiều ngày 07/05 giao hàng\nIn mỗi loại hơn 1 nửa trước. Hết Decal sáng mai lấy làm tiếp',0,'In decal 2 loaị, mỗi loại 500 cái',0,0,0,0,1557213717),(128,'Ly Diep','','lydiep@khonggia.com','',1,0,0,'',0,'in 2 tam tranh 0.64*2.4',0,0,0,0,1557215568),(129,'x','0937531447','thanhbinh.thaicuong@gmail.com','',6,0,0,'',0,'in 500 bộ thiệp',0,0,0,0,1557286396),(130,'','0949687365','','',1,0,0,'',0,'in thiệp',0,0,0,0,1557286458),(131,'Quân','0904 922 132','zalo Qân','',6,1980000,0,'Đợi gửi lại file.',0,'In 110 folder. Sáng t6 lấy',0,0,0,0,1557292732),(132,'zalo Hungbc','','','',6,0,0,'350k. sáng mai lấy',0,'In 100 menu 9x11',0,0,0,0,1557295870),(133,'Anh Khang','0937296161','putintin123567@gmail.com','',1,0,0,'',0,'in Nội Quy Khách sạn, 20x20 cm gấp 2\n100 cái',0,0,0,0,1557370352),(134,'','','','',1,750000,0,'',0,'100 folder 18k',0,0,0,0,1557371598),(135,'Chị Tracy','','','',1,0,0,'',0,'in namecard cq04 280gsm \n9 hộp 3 tên => 65k/hộp',0,0,0,0,1557398488),(136,'Chị Lan','','nguyen.lan991@gmail.com','',1,0,0,'',0,'In Brochure',0,0,0,0,1557471453),(137,'x','','','',1,0,0,'',0,'in 30 thiệp + bao thư 12x22cm',0,0,0,0,1557471543),(138,'Ecopath Miền Nam Hằng (Zalo)','0918940606','hangntm@ecopath.com.vn','',6,0,0,'Khách chưa chốt file.',0,'in 150 thiệp\nbáo 2.500 đồng/thiệp',0,0,0,0,1557471805),(139,'Trần Anh','','zalo','',6,0,0,'Xong',0,'In bao thư + thiệp mời 80 bộ 560.000 đòng',0,0,0,560000,1557474247),(140,'Thương','0898989405','thuongnguyen.224@gmail.com','',6,0,0,'Xong. Mai cho giao',0,'in 5 hộp namecard',0,0,0,0,1557476140),(141,'Le Trung','0919810011','','',6,0,0,'',0,'in 10 cuốn. 1700000',0,0,0,1700000,1557476878),(142,'-Tên: Thuỷ','037632440','thuynguyenjelly@gmail.com','',1,0,0,'',0,'',0,0,0,0,1557478019),(143,'x','','minhtran23991@gmail.com','',2,0,0,'',0,'In ấn Namecard',0,0,0,0,1557478036),(144,'','','phongvong94@gmail.com','',6,0,0,'Giao sáng ngày 13/5',0,'in 1 hộp namecard',0,0,0,0,1557582392),(145,'','','lydiep@khonggia.com','',6,0,0,'Giao thứ 14/5',0,'5 file mỗi file in 50 tranh',0,0,0,0,1557582501),(146,'Chị Thủy','0376324405','thuynguyenjelly@gmail.com','',1,0,0,'',0,'Mình muốn làm hộp giấy 30 x 40 x 8, b tư vấn báo giá giúp mình nhé',0,0,0,0,1557582560),(147,'Uyên Mai','0326105453','tuuyen131096@gmail.com','',6,0,0,'Quy cách đâu?',0,'In thiệp mời',0,0,0,0,1557582695),(148,'Phương Mai','Tel: 0347663958','info@brandgo.vn','',2,0,0,'',0,'Size: A5 ngang\nChất liệu: C/ Cmatt\nSố trang: 20 trang\nSố lượng: 500/1000/1500/2000',0,0,0,0,1557582798),(149,'','','eurasiaglobalimex.nhung@gmail.com','',5,4455000,0,'Đợi khách chuyển phần còn lại',0,'In brochure + decal',0,0,0,0,1557583677),(150,'','','Mixutocxu]','',1,0,0,'',0,'in folder',0,0,0,0,1557584393),(151,'Zalo PL','','','',2,0,0,'',0,'In 10 cuốn Brochure',0,0,0,0,1557585725),(152,'Alin','','','',6,0,0,'File đã gửi qua. In 500 tờ A5,',0,'in 500 tờ\n\n200 tờ A5 \nĐơn giá: 2.500 đồng/tờ\n500 tờ. Đơn giá 2.000 đồng/tờ',0,0,0,0,1557585766),(153,'Zalo Leo Nguyen Du Hoang','','','',6,0,0,'',0,'in 1`0 hộp namecard',0,0,0,0,1557585894),(154,'Vũ Lai Du Lịch Khách Đoàn và Khách lẻ','','','',1,0,0,'',0,'+ Thiết kế thư mời theo yêu cầu, in mà và có bao thư bên ngoài ( đựng thư mời A4 gấp làm đôi ) số lượng 200 cái. \n- Bao thư sử dụng giấy fo170gsm \n- Thiệp sử dụng giấy couche 300gsm\n- Đơn giá: 8.000 đồng/bộ. Thành tiền: 1.600.000 đồng\n+ Bảng tên đeo cổ, thiết kế theo yêu cầu, in màu, có dây đeo cổ. Số lượng 270 cái\n+ Bìa cứng kẹp phòng họp 270 cái ( dùng để kẹp tài liệu giấy A4)\n- Sử dụng giấy C300gsm\n- Kích thước 31x22x7cm\n- Cán mờ bìa 1 mặt\n- Đơn giá: 12.000 đồng/cái. Thành tiền: 3.240.000 đồng\n- Số lượng 1000. Đơn giá 4.000 đồng/cái\n+ Bảng tên đeo cổ, thiết kế theo yêu cầu, in màu, có dây đeo cổ. Số lượng 270 cái\nBảng tên in giấy C300gsm\nKích thước 9x5.5cm\nSỐ lượng 270 thẻ\nĐơn giá: 2.000 đồng/thẻ. Thành tiền: 540.000 đồng',0,0,0,0,1557585999),(155,'Bụi Phấn','','','',2,0,0,'',0,'in thiệp',0,0,0,0,1557586049),(156,'Bi Store An Đông Plaza','','djminhnt.vn@gmail.com','',1,0,0,'',0,'In 5000-10000\nNgang 10 cao 25\nNgang 25 cao 30\nNgang 40 cao 35\nHông 10',0,0,0,0,1557586082),(157,'Phạm Minh Đoan','0988530055','minhdoan.daac@gmail.com','',6,9000000,0,'2000 (2 loại + 300 cái không in ). hà gửi hợp đồng\nGiao Phúc Bình file in offset',0,'Số lượng: \nMàu trắng như hình đã gửi: 2000 bộ (2 FILE)',0,0,0,0,1557586148),(158,'Zalo Kelly Nhi','','','',1,0,0,'Đang chat để lấy thông tin',0,'',0,0,0,0,1557613441),(159,'David Lê tuanhzhang@yahoo.com','','','',2,0,0,'',0,'In túi giấy',0,0,0,0,1557707733),(160,'FB Tiên Nguyễn','','','',2,0,0,'',0,'in túi giấy',0,0,0,0,1557707881),(161,'Chị Thân Công ty TVT','0703536823','admin@tvtmedical.com.vn','',6,640000,0,'Đã gửi mail đợi khách confirm',0,'In namecard công ty 4 tên mỗi tên 2 hộp đơn giá 80k',0,0,0,0,1557713299),(162,'Bui Hoang','0903955909','','phongvong94@gmail.com',6,750000,0,'Giao trước 120 cái',0,'300 sticker',0,0,0,350000,1557713547),(163,'Ngoc Ly','','','08 yên thế p2 qTB - 0903955909',6,4500000,0,'amazon in',0,'in 50 tấm x 5 file = 250 tấm',0,0,0,0,1557714189),(164,'x','0332219564','','',2,22000,0,'có vẻ ko ưng vì giá cao',0,'In folder 50 cái',0,0,0,0,1557718333),(165,'Anh Cường','0942444488','newdoor999@gmail.com','',6,19500000,0,'Đã giao 710 cuốn +560+610',0,'in 3000 cuốn Brochure 12\n trang',0,0,0,0,1557719601),(166,'Chị Phương','','','',6,7400000,0,'Sơn Đã Bình file gửi Hà',0,'in 10.000 tờ đề thám + 10.000 tờ nguyễn trãi',0,0,0,0,1557726484),(167,'Tên:  nhân','SĐT  :091619177','nhanvt@bulktradeviet.com','',0,1100000,0,'Đợi khách gửi phản hồi, đang chờ công ty mẹ duyệt',0,'Note :thiết kế và in thiệp mời sự kiện công ty',0,0,0,0,1557728736),(168,'Chị Uyên','0901 224 927','info.inoffsethcm@gmail.com','',2,0,0,'',0,'in catalogue 30 trang, đóng kim',0,0,0,0,1557729192),(169,'Chị Nhi - Levelone sài gòn','','dknhi@levelones','',6,1325000,0,'Thiết kế gửi khách',0,'Letter 50 tờ',0,0,0,0,1557732635),(170,'Tên:  Nguyễn Thị Cẩm Tiên','SĐT  :093839966','Email:ntcamtienlaw@gmail.com','',1,0,0,'13/5 gọi 2 lần không bắt máy',0,'in 50 folder',0,0,0,0,1557739636),(171,'Lê Trung','','','',1,0,0,'',0,'in 20 cuốn Profile 78 trang. 200k/cuốn',0,0,0,0,1557762695),(172,'zalo Dân Lê','','','',6,300000,0,'',0,'in 50 thiệp A5 + thiết kế',0,0,0,0,1557799682),(173,'Chị Nga','','<trannga983@gmail.com>','',5,11700000,0,'Đã chuyển khoản \ncho in',0,'1. Brochue gấp 3 - 63x29.7x2cm \n- Sử dụng giấy B300gsm \n- Cán màng mờ 1 mặt\n- Cấn 2 đường gấp 3 + 1 tay gấp 2cm \n- số lượng 400 tờ (200 tờ IOT + 200 tờ Engineering).\n2. Tờ rơi A4 \n- Sử dụng giấy C300gsm\n- Kích thước A4\n- Số lượng 1.000 tờ ( 5 loại) \nTrong đó \n- Tờ rơi Etudes & realisation cles en main kích thước 21x22cm\n- Tờ rơi Simulations numeriques  kích thước 21x26cm\n- Còn lại A4',0,0,0,0,1557812968),(174,'Zalo Phung Hai','','','Khách ghé lấy',4,180000,0,'Chiều 14/05 giao hàng',0,'in 2 hộp',0,0,0,0,1557813545),(175,'Chị lan','079 202 7290','Lạc Uyển','',6,370000,0,'',0,'In 100 tờ Brochure',0,0,0,0,1557814113),(176,'FB Lê Phan Anh','','','',6,400000,0,'',0,'In 3 hộp',0,0,0,0,1557814165),(177,'Chị Quỳnh','962 582 191','Bell.Dao@mt.com','',2,0,0,'',0,'In 200-500 folder',0,0,0,0,1557815451),(178,'','','','',1,0,0,'',0,'7*20 300 cái \nEmail: cuongnq@otosaigon.com\nA Cường - 0909039616',0,0,0,0,1557818726),(179,'','','vietanh@7bridges.vn','',6,60000,0,'',0,'15 tờ A5',0,0,0,0,1557820271),(180,'Chị Xuân','0916186112','receptionist@coastannivingland.vn','',1,0,0,'',0,'100 letter head + 500 namecard (10 người) Bao thư A4 500\nBao thư A5 500\nFolder 200\n1cuốn cataluge 31 trang 1 mặt in màu, đóng lò xo',0,0,0,0,1557821047),(181,'','0','','',1,0,0,'Thuận Hóa - 47 Lam Sơn, Phường 5, Phú Nhuận\n10h sáng mai\nhoặc 2h30 chiều',0,'Thiết kế 1 tờ A5 2 mặt \nIn ép kim \n5000 tờ - 7000 tờ',0,0,0,0,1557825161),(182,'Anh Lâm','0982089638','lam@renovagrp.com','',1,0,0,'',0,'1000 tờ A3 1 mat fo 80',0,0,0,0,1557827433),(183,'x','','','',1,0,0,'',0,'',0,0,0,0,1557883868),(184,'Anh Bui Hoang','0903955909','hoang.buiducminh@joton.com.vn','',6,2367000,0,'đã giao 250 cái.\nXong. cho giao đi',0,'In 2000 decal cán mờ, bo theo hình',0,0,0,0,1557887538),(185,'Chị Thảo','0906 614 786','thao.tran@luatntv.vn','',2,0,0,'',0,'In 1000-2000 tờ A5 gấp 2',0,0,0,0,1557888942),(186,'Anh Việt Anh','0904 935 880','vietanh@7bridges.vn','',6,435000,0,'',0,'In foam 3 tấm',0,0,0,0,1557904769),(187,'Anh Chinh','0919564879','','',1,0,0,'',0,'in 2000 tờ A4',0,0,0,0,1557905038),(188,'','','Khách chê giá cao','',1,0,0,'',0,'1000 tờ A4 2 mặt',0,0,0,0,1557905062),(189,'Anh Tiến','0908 437 579','','',1,0,0,'551 Lạc Long Quân, P2, Tân Bình - Anh Tiến',0,'In Namecard, giấy tiêu đề,Túi xách, Bìa hồ sơ, tờ gấp',0,0,0,0,1557905094),(190,'Anh Bảo','0909099825','','',1,0,0,'',0,'In Thiệp mời 20x15cm gấp 2  200 cái',0,0,0,0,1557905903),(191,'Chị NGọc','02862563688','chocolate268@yahoo.com','',2,0,0,'',0,'In thiệp mời 12x17cm 50-100-150',0,0,0,0,1557973289),(192,'0797017209','','FCL','',2,0,0,'',0,'In 500 folder',0,0,0,0,1557973581),(193,'','','nguyet.minh@amatovn.com','',6,0,0,'',0,'In namecard',0,0,0,0,1557973995),(194,'PTM','','hovanhoa@ptm-electric.com','',6,0,0,'',0,'in 50 cuốn 28 trang',0,0,0,0,1557979743),(195,'Chị Linh - Alin Pham Nguyen','0906900109','alinphamnguyen@gmail.com','',6,0,0,'',0,'- In thiệp mời\n- Kích thước 14,5x7cm \n- Ép kim\n- Số lượng 250 thiệp\n- Sử dụng giấy fo 250gsm\n- Đơn giá: 4.500 đồng/thiệp. Thành tiền: 1.125.000 đồng\nBáo giá trên chưa bao gồm VAT 10%',0,0,0,0,1557994481),(196,'','','admin.hcm@novaon.vn','',6,0,0,'',0,'in card 3 hộp',0,0,0,0,1557994952),(197,'','','','',1,300000,0,'',0,'in ấn túi giấy -',0,0,0,0,1557995149),(198,'x','','0778829479','',1,0,0,'',0,'ban tui giay mau den 100 cai 5x5 hoac 6x6 mau den',0,0,0,0,1557998358),(199,'Anh Nam','','0798341415','',1,0,0,'F300: 2.600 đồng. F250: 1400 đồng/tờ',0,'in 2000 tờ A4 1 mặt 1 màu giấy Fo 300.',0,0,0,0,1558006138),(200,'Chị Huệ','','nguyenbichhue121291@gmail.com','',1,0,0,'',0,'in 500 cái hộp Dài khoảng 12cm ngàng 8cm',0,0,0,0,1558053365),(201,'Vivi Uyểnhi - Chị Nhi - Viện FMIT','','uyennhi@fmit.vn','',1,0,0,'',0,'',0,0,0,0,1558060976),(202,'x','','','',1,0,0,'',0,'',0,0,0,0,1558063748),(203,'A Liệu','','','',1,0,0,'TK logo SaiGon Clean',0,'tk logo.\nin 200 bao thư lớn (sẵn)\nin 500 bao thư nhỏ',0,0,0,0,1558078745),(204,'x','','','',1,0,0,'',0,'in ảnh trên giấy lụa, 30x50cm',0,0,0,0,1558083199),(205,'','0934882979','','',2,0,0,'',0,'In ấn Folder 500-1000 đồng/cái',0,0,0,0,1558322754),(206,'Chị Nghi','0933383779','Jasmine Luu Nghi Zalo','',2,0,0,'',0,'in ấn namecard - thiết kế',0,0,0,0,1558324638),(207,'','','','',1,0,0,'',0,'In phong bì A4 1000 cái',0,0,0,0,1558347206),(208,'Zalo Trần Ngọc Sang','','','',2,0,0,'',0,'1000 cái Bao thư A6: 1.400.000 đồng\n1000 cái bao thư A4. 2.000.000 đồng',0,0,0,0,1558399036),(209,'C Duyên','','','',1,0,0,'',0,'in voucher cho lotteria',0,0,0,0,1558399063),(210,'Zalo Lê Thành Danh','','','',6,1020000,0,'',0,'In thiệp mời + bao thư 150 bộ',0,0,0,500000,1558399158),(211,'Zalo Lương Tiểu Phụng','','','',2,0,0,'',0,'In ấn Namecard 4 hộp 1 tên, giấy couche 300gsm, cán mờ 2 mặt. Đơn giá: 70.000 đồng/hộp. Thành tiền: 280.000 đồng\nIn ấn Folder, C300gsm, cán màng mờ 1 mặt, Kích thước 31x22x7cm, 500 cái. Đơn giá 7.000 đồng/cai. Thành tiền: 3.500.000 đồng\nIn ấn Bao thư 16x23cm, fo 100, 1000 cái. Đơn giá: 1.500 đồng/cái. Thành tiền: 1.500.000 đồng\nThiệp mời 60 cái, kích thước A5, in C300gsm, Đơn giá: 3.500 đồng. Thành tiền: 210.000 đồng',0,0,0,0,1558399194),(212,'Nguyen Han Ni','','','',1,0,0,'',0,'In Bìa Bằng tốt nghiệp 40',0,0,0,0,1558401276),(213,'Chị Oanh','','','',1,0,0,'',0,'',0,0,0,0,1558421171),(214,'Thảo Nguyên','0971 506 706','Dtt.nguyen@prudential.com.vn','',6,1010000,0,'Còn cái standee\nThiệp đã giao hàng',0,'1. 80 bộ thiệp \n_ Thiệp mời kích thước 12x22cm, sử dụng giấy fo170gsm\n- Bao thư kích thước 10,5x21cm, sử dụng giấy fo250gsm\n- Đơn giá: 11.000 đồng/bộ. Thành tiền: 880.000 đồng\n2. In Standee: 130.000 đồng\n---\nTổng: 1.010.000 đồng',0,0,0,0,1558425576),(215,'Phương Phan','0988078668','phanphuongpp2011@gmail.com','',6,380000,0,'Bìa B300gsm, Ruột C150gsm, đóng keo',0,'In tets 1 cuốn mẫu',0,0,0,0,1558427267),(216,'Anh Hoa','0918218001','hovanhoa@ptm-electric.com','',2,0,0,'',0,'in 4 loại brochure mỗi loại 50-100 cuốn',0,0,0,0,1558428392),(217,'Anh Nguyễn Ngọc Châu','0928585969','','',6,1300000,0,'Bìa B300gsm, Ruột C150gsm, nếu không đóng keo được thì in lại bằng đóng kim và giao khách vào ngày 29/5',0,'In thiệp cưới 250 cái',0,0,0,400000,1558428605),(218,'Ân Nguyễn','','','',2,0,0,'',0,'In 300-400 thiệp',0,0,0,0,1558428736),(219,'','0938339159','','',6,200000,0,'',0,'in 1 hộp namecard',0,0,0,0,1558434669),(220,'C Quỳnh - Rồng Phương nam','','quynh.nt@rongphuongnam.com.vn','',6,15290000,0,'Giao hàng cho khách',0,'- In offset 4 màu 2 mặt\n- Sử dụng giấy Couche 250gsm \n- Bế theo thiết kế\n- Kích thước 26x21cm',0,0,0,7645000,1558438034),(221,'Anh Trung','0919810011','le.trung.tpl@gmail.com','',6,4000000,0,'Còn 4.800.000 đồng chưa thanh toán',0,'in 20 cuốn + 200 tờ gấp 5',0,0,0,0,1558440238),(222,'','','','',2,0,0,'',0,'26x26x10 MUA TÚI GIẤY CÓ SẴN',0,0,0,0,1558441807),(223,'','','','',2,0,0,'Xin chào anh/chị\nCho em xin báo giá in catalog 100 quyển (10 trang/ quyển - A4) - Folder 300 cái ( kích thước A4)\nEm cảm ơn!',0,'phongthienlam191292@gmail.com',0,0,0,0,1558489574),(224,'Zalo Hồng ĐỒ','0937870262','','',2,0,0,'',0,'In ấn Profile công ty',0,0,0,0,1558496362),(225,'FB Văn Nguyên','','','',2,0,0,'',0,'In 5 hộp card',0,0,0,0,1558497290),(226,'','093.6769.490','muahang@anhduongsao.com','',2,0,0,'',0,'In bìa nhựa',0,0,0,0,1558499933),(227,'Thiên arsenal','','','',2,0,0,'',0,'in thiep',0,0,0,0,1558501910),(228,'','0926708305','','',0,0,0,'',0,'In Danh Thiệp 1 hộp',0,0,0,0,1558505877),(229,'Chị Thảo','0906 614 786','thao.tran@luatntv.vn','',2,0,0,'',0,'In 1 nùi',0,0,0,0,1558508314),(230,'Chị Huyền CPG','','dang.thi.huyen.anh@cpgcorp.com.sg','',5,616000,0,'',0,'iN namecard 4 hộp',0,0,0,0,1558587207),(231,'Chị','','','',6,100000,0,'',0,'In namecard 1 hộp',0,0,0,0,1558592163),(232,'a Tùng - PV Gas','0985135147','','',1,0,0,'',0,'Thiết kế lại, sau đó in. \nBáo giá chỉnh thiết kế trước (chủ yếu thay hình và 1 ít text)',0,0,0,0,1558601932),(233,'zalo Mary Pham','','','',1,0,0,'',0,'Báo giá in 60 cái folder B300 - tay gấp như hình S gửi',0,0,0,0,1558601986),(234,'Zalo Quang Tú','','','',6,0,0,'In thiệp gửi qua ép kim',0,'Bao thư: sử dụng giấy C200gsm, kích thước 12x22cm\nThiệp sử dụng giấy C300gsm, Kích thước 10x20cm \nCán mờ toàn bộ\nÉp kim hoa văn 2 mặt thiệp mời\nSố lượng 350 bộ. Đơn giá: 7.000 đồng/bộ. Thành tiền: 2.450.000 đồng \nBáo giá trên chưa bao gồm VAT 10%',0,0,0,0,1558613975),(235,'Anh Nguyễn Ngọc Châu','0928585969','','',6,325000,0,'',0,'In thiệp cưới 50 cái',0,0,0,0,1558615905),(236,'','','','',1,0,0,'',0,'In Thiệp mời',0,0,0,0,1558658329),(237,'Hoài Nguyễn Thị Vân','','hoainguyendhtl@gmail.com','',6,737000,0,'In thêm 3 hộp giao và thu 120k',0,'Thiết kế - in ấn Namecard',0,0,0,0,1558658898),(238,'','','','',2,0,0,'',0,'Tên:  Dương Thanh Hương\nEmail:monglytam.japan@gmail.com\nSĐT  :0865109601\nNote :cán 1 đường, trạng thái mở size a5, gấp lại a6. Giay C200 gsm',0,0,0,0,1558662493),(239,'','','','',2,0,0,'',0,'Thông tin khách hàng:\nTên:  Lê Anh Tuấn\nEmail:thucphamtuanhung@gmail.com\nSĐT  :0908140145',0,0,0,0,1558662521),(240,'x','02862887711','hr.intership@aeon.com.vn','',2,0,0,'Khách báo gửi mẫu',0,'in 100 bìa kẹp hồ sơ',0,0,0,0,1558664466),(241,'','','','',2,0,0,'',0,'Thông tin khách hàng:\nTên:  Mr. Hoàng\nEmail:buingochoang27121992@gmail.com\nSĐT  :0585124776\nNote :em muốn đặt in 1000 túi giấy. \nquy cách : KT cao 30 ngang 22 hông 12. In 4 màu, giấy Krap trắng định lượng 120. dây dù đen. Mong quý công ty báo giá in ấn giúp e',0,0,0,0,1558917404),(242,'','','','',2,0,0,'',0,'Thông tin khách hàng:\nTên:  Nguyễn Ngọc Kim Khánh\nEmail:merizdaartist@gmail.com\nSĐT  :0901641015\nNote :báo giá cho mình với ạ',0,0,0,0,1558917435),(243,'Chị Huyền - Infolog','','huyen.phan@infolog.com.vn','',2,0,0,'',0,'',0,0,0,0,1558917804),(244,'','','purchasing03@winga.com.vn','',1,0,0,'',0,'in Túi Giấy',0,0,0,0,1558918991),(245,'','02839959983','','',2,0,0,'Báo giá 1.400.000  đồng',0,'In Leaflet 1000 tờ A4',0,0,0,0,1558921783),(246,'','','marketingonline@eco-zenergy.com','',0,255000,0,'Đợi chuyển khoản',0,'iN THIỆP MỜI',0,0,0,0,1558926200),(247,'Chị Thảo - Deswhat','0857424724','Thao@devxquad.io','',2,0,0,'',0,'A4 gấp 3 500-1000 tờ\nBackdrop\nIn 1000 tờ A3 gấp 2, C200gsm, 2.500 đồng/tờ',0,0,0,0,1558931270),(248,'','','','',2,0,0,'',0,'In thiệp mời sự kiện, cắt laser',0,0,0,0,1559009325),(249,'ngoctri.dovu@gmail.com','','Đỗ Ngọc Trí 0909393703','',6,1024000,0,'',0,'In Thiệp mời sự kiện 12x18cm , 30 bộ',0,0,0,0,1559010030),(250,'','','liennguyen.greenviet@gmail.com','',2,0,0,'',0,'In profile, khách thấy giá cũng ok đã gọi lại. Mai gọi lại hỏi thăm khách',0,0,0,0,1559011725),(251,'','','','',2,0,0,'',0,'In 5 hộp',0,0,0,0,1559012532),(252,'','','dknhi@levelones','',2,0,0,'Gửi giấy mẫu, đợi khách phản hồi',0,'in Bìa Folder 50 cái +',0,0,0,0,1559036713),(253,'Anh Trung','0919810011','le.trung.tpl@gmail.com','',2,0,0,'',0,'Đặt thêm 50 cuốn',0,0,0,0,1559036873),(254,'0798222980, tên Kiều.','','huathanhkieu89@gmail.com','',6,1500000,0,'In test 1 bộ => giao ngày 29/5',0,'In 60 folder\n- Sử dụng giấy B300gsm\n- Cán màng mờ 2 mặt\n- Số lượng 60 cái\n- Kích thước theo file\n- Đơn giá: 25.00 đồng/cái. Thành tiền: 1.500.000 đồng',0,0,0,0,1559036995),(255,'Chị Ly','','aily_pham2005@yahoo.com.vn>','',6,4650000,0,'Đang ép kim và bế\nThứ 2 giao thiệp, sau khi match màu vào buổi sáng thì in',0,'In Thiệp Cưới\n- In offset 4 màu 2 mặt\n- Bao thư Sử dụng giấy Fo170gsm, ép kim 1 mặt ngoài Kích thước 17x12cm \n- Thiệp sử dụng giấy Fo250gsm, Kích thước 10.5x16cm\n- Số lượng 800 bộ (500 bộ nhà trai + 300 bộ nhà gái)\n- Đơn giá: 5.800 đồng/bộ. Thành tiền: 4.640.000 đồng',0,0,0,0,1559037192),(256,'Ngô Yến','','Ngoyen99@gmail.com','',2,0,0,'',0,'In 500 folder',0,0,0,0,1559037363),(257,'Toai - TTC','0939 673 468','','',5,5400000,0,'Đã giao hàng đợi thanh toán',0,'Dạ em gửi lại báo giá như sau:\n- Sử dụng giấy Couche bìa C250gsm + Ruột C150gsm \n- Cán màng mờ 1 mặt bìa\n- Đóng cuốn bấm 2 kim giữa\n- Kích thước: A4 ngang, 12 trang\n- Số lượng 200 cuốn\n- Đơn giá 27.000 đồng/cuốn. Thành tiền: 3.200.000 đồng\nBáo giá trên chưa bao gồm VAT 10%\nThời gian thực hiện 2-3 ngày\n\nEm cảm ơn!',0,0,0,0,1559037416),(258,'Tran Thu Phuong <','','phuongtt@repu.vn>','',6,1440000,0,'',0,'Ơ chị gửi 5 người mà,\nChị gửi thêm 1 người nữa là 6 người, số lượng mỗi người 4 hộp để được giá 60k/h nha\nhttps://drive.google.com/drive/u/0/folders/1fdn7_ifRfxNIO9EkYuO4V9KiKi5WYdRu',0,0,0,0,1559037502),(259,'Thuy Hoa FB','0973646587','hoangthuyhoa19587@gmail.com','',4,250000,0,'',0,'In 5 tấm poster',0,0,0,0,1559038053),(260,'','','wean.official@gmail.com','',1,0,0,'',0,'In Túi giấy',0,0,0,0,1559038320),(261,'Chị Lý Diệp','','lydiep@khonggia.com','',1,0,0,'',0,'In bảng báo giá',0,0,0,0,1559038372),(262,'Chị Hương','','huong.pham@anphabe.com','',6,1725000,0,'',0,'In Folder 75 cái',0,0,0,1725000,1559038407),(263,'Le Min','','hoangminh.aac@gmail.com','',6,4000000,0,'Đã gửi b',0,'In folder',0,0,0,2000000,1559038544),(264,'','','receptionist.hcm@diamondstar-financial.com','',6,200000,0,'',0,'In 1 hộp x 2 tên',0,0,0,0,1559038726),(265,'','','quyen.nguyen@phanvu.com','',1,0,0,'',0,'In Túi trơn',0,0,0,0,1559038800),(266,'','','caml@lightpathgroup.com','',5,5000000,0,'Đã giao hàng chưa thanh toán',0,'In 50 cuốn',0,0,0,0,1559038852),(267,'','','uyenhn@aron.com.vn','',6,990000,0,'',0,'in 100 bộ thiệp',0,0,0,0,1559038898),(268,'x','','hang.songthanh@gmail.com>','',1,0,0,'',0,'In Túi giấy',0,0,0,0,1559038928),(269,'','','tranngoc.thanhtruc@yahoo.com>','',6,0,0,'',0,'In áo, tích điểm',0,0,0,0,1559039067),(270,'x','','Trần Minh Tuấn','',1,0,0,'',0,'',0,0,0,0,1559039078),(271,'Zalo Lê Chinh','0906406368','','1005 Quốc lộ 1A , Thới An , Quận 12,',6,100000,0,'Khách trả ship',0,'In 1 hộp',0,0,0,0,1559039148),(272,'Anh Thanh Enertech','','thanh.ta@enertechvn.com','',2,0,0,'',0,'Em báo giá giúp anh:\n- In ấn offset 4 màu, 2 mặt, catalogue 28 trang \n- Bìa C250gsm + ruột C150gsm \n- Bìa cán màng mờ 1 mặt, đóng cuốn, bấm 2 gim giữa.\nSL: 1000 cuốn.\n\nEm gửi thông tin qua email: thanh.ta@enertechvn.com nhé.',0,0,0,0,1559039243),(273,'Hồng Đồ','0937870262','','',5,0,0,'ĐỢI THANH TOÁN',0,'A4 là 40 trang\n1.000 cuốn',0,0,0,0,1559039347),(274,'Thanhdanh','','','',1,0,0,'',0,'In Thiệp mời',0,0,0,0,1559039656),(275,'Chau Cdd','','','',2,0,0,'',0,'50 tờ. Đơn giá 25.000 đồng/tờ\n30 tờ. ĐƠn giá: 30.000 đồng/tờ',0,0,0,0,1559039685),(276,'','','thanhtam062888@gmail.com>','',6,770000,0,'',0,'In 200 tờ',0,0,0,0,1559039797),(277,'Thu Huyền - Apic','','thuhuyen@apicvietnam.com','',6,5200000,0,'Đợi chuyển cọc mới in',0,'',0,0,0,0,1559104995),(278,'','0937177787','vivian.ho@reddoorz.com','10A Nguyễn Thị Minh Khai, P. Dakao, Q.1 (tòa nhà GIC)',6,0,0,'1200000, 6.000 tờ',0,'in 80 tờ A4. ép plastic',0,0,0,0,1559118688),(279,'','','trinh_lnp@cih.com.vn','',1,0,0,'',0,'In voucher',0,0,0,0,1559147859),(280,'x','','elliepham.finance@gmail.com','',2,0,0,'',0,'In namecard',0,0,0,0,1559186940),(281,'x','','Trần Minh Tuấn','',1,0,0,'',0,'',0,0,0,0,1559201239),(282,'Chị Lộc - Unicovina','','hoangthiloc@unicovina.vn','',2,0,0,'',0,'Gửi cuốn catalogue\nVà in 200 - 500 cuốn - 1000 cuốn',0,0,0,0,1559203307),(283,'','','ngoctri.dovu@gmail.com','',6,450000,0,'',0,'In Thẻ',0,0,0,0,1559224185),(284,'C Quỳnh','','quynh.nt@rongphuongnam.com.vn','',5,8800000,0,'ĐỢI THANH TOÁN',0,'in 2 loại A4 (mỗi loại 10.000 tờ)',0,0,0,0,1559265952),(285,'Chị Nguyên','0794541931','annienguyen@delsk.com','',5,0,0,'ĐỢI THANH TOÁN',0,'Bồ Đào Nha in 70 cuốn x 70k',0,0,0,0,1559272050),(286,'','','daisy.ha@tradingfoe.com>','',5,0,0,'THIẾU 50K TIỀN THUẾ',0,'In namecard',0,0,0,0,1559292227),(287,'x','','tranche181@gmail.com','',6,0,0,'',0,'In namecard',0,0,0,0,1559479837),(288,'','','','',1,0,0,'',0,'',0,0,0,0,1559523322),(289,'x','','phamthuynguyenthao2109@gmail.com','',1,0,0,'',0,'in ấn namecard',0,0,0,0,1559523406),(290,'Zalo Trần Ngọc Sang','','','',1,3740000,0,'',0,'In ấn Bao thư',0,0,0,0,1559526575),(291,'x','','','',1,0,0,'',0,'Thiệp mời thôi nôi 250 cái, 12x18cm',0,0,0,0,1559530601),(292,'x','','','',1,0,0,'',0,'',0,0,0,0,1559530619),(293,'','0909099825','','',6,600000,0,'',0,'In thiệp mời gấp đôi 15x20 gấp 2 10x15 200 cái',0,0,0,0,1559559553),(294,'Kim Anh','0902595257','ketoan@otas.vn','',1,0,0,'',0,'Báo giá về mẫu túi giấy \n+ Giấy I210\n+ Dây túi sử dụng dây ruy băng màu nâu\n+ cán mờ\n+ Số lượng: 3500 cái\nBáo giá giúp em bao gồm các chi phí và thời gian làm bao nhiêu lâu. Có làm mẫu để check trước khi in thành phẩm hàng loạt không nhé?\nEm cảm ơn',0,0,0,0,1559618030),(295,'','','','',2,780000,0,'',0,'In Thiệp Sự Kiên 60 bộ',0,0,0,0,1559634160),(296,'','','','',1,0,0,'',0,'In Thiệp Sự Kiện',0,0,0,0,1559634168),(297,'Anh Hướng','0773177073','chihuongit@gmail.co','',1,0,0,'',0,'In thiệp cưới',0,0,0,0,1559732015),(298,'','','thuthaovitabella@gmail.com','',1,0,0,'',0,'',0,0,0,0,1560217022),(299,'x','','','',1,0,0,'',0,'',0,0,0,0,1560217037),(300,'','','salead.alaska@gmail.com','',6,0,0,'',0,'In thiệp',0,0,0,0,1560307347),(301,'x','','','',2,0,0,'',0,'In thiệp',0,0,0,0,1560311473),(302,'C Trang','0901252345','','',1,0,0,'',0,'In Namecard B350, dập nổi',0,0,0,0,1560311540),(303,'x','','','',2,0,0,'',0,'6000 cái 3x10cm',0,0,0,0,1560312424),(304,'Huỳnh Thảo Nguyên','','','',6,100000,0,'',0,'In namecard',0,0,0,0,1560313980),(305,'Anh Sang','0968346362','','',2,0,0,'',0,'In túi giấy 130 cái',0,0,0,0,1560324141),(306,'x','0938500360','','',6,200000,0,'',0,'In Namecard 2 hộp',0,0,0,0,1560326084),(307,'','','accountant@micad.com.vn','',2,0,0,'',0,'In folder',0,0,0,0,1560330146),(308,'','','thanhtam062888@gmail.com','',6,1200000,0,'',0,'In 400 tờ A4',0,0,0,0,1560331330),(309,'','kji','','',6,14000000,0,'',0,'Thiệp mời, 2000 bộ',0,0,0,0,1560333608),(310,'','','','',6,0,0,'',0,'In namecard',0,0,0,0,1560335189),(311,'','','','',1,0,0,'',0,'In Profile',0,0,0,0,1560335384),(312,'x','','','',2,0,0,'300000',0,'In Namecard',0,0,0,0,1560336203),(313,'x','0944376240','','',1,0,0,'',0,'In Namecard, chạy qua',0,0,0,0,1560336554),(314,'Chị Trân','0981322904','trannguyen@amvnx.com','',2,0,0,'',0,'In Thiệp Mời \n1 tờ 2 mặt 400 thiệp, bao thư',0,0,0,0,1560397418),(315,'Zalo Thắng Trần','','','',6,150000,0,'Sáng ngày 18/6 giao hàng',0,'in 1 hộp',0,0,0,0,1560398620),(316,'C Phượng','0988855195','phuong.nn@handongec.co.kr','',0,5900000,0,'Hủy do gửi mẫu chậm',0,'In Túi giấy',0,0,0,0,1560746463),(317,'Sang:','093729 6161','putintin123567@gmail.com','',2,0,0,'',0,'In Namecard',0,0,0,0,1560746590),(318,'FB Trịnh Đặng','0703370237','','',2,0,0,'',0,'In vỏ hộp',0,0,0,0,1560747596),(319,'FB Hoàng Huy','','','',1,0,0,'',0,'In Catalogue',0,0,0,0,1560747937),(320,'Chị Nhàn','0976531808','nhan.benthanhart@gmail.com','',6,1600000,0,'Xong, đã giao 50 bao thư,',0,'in thiệp mời 140 bộ giấy mỹ thuật 17k/bộ',0,0,0,0,1560755668),(321,'x','0945793148','','',2,0,0,'',0,'6 nội dung mỗi nội dung 5 hộp',0,0,0,0,1560758483),(322,'Chị Kiều','','huathanhkieu89@gmail.com','',4,800000,0,'18/6 giao khoảng 9-10h',0,'In 20 folder, B300, canh màu theo mẫu khách gửi,',0,0,0,0,1560774836),(323,'','','vivian.ho@reddoorz.com','',5,660000,0,'ĐỢI THANH TOÁN',0,'',0,0,0,0,1560775351),(324,'Lê Hoàng Minh Nhựt tel 090 905 2722','','inlamminhquang@gmail.com','',6,1500000,0,'18/6 giao khoảng 9-10h',0,'In 50 folder + 50 tờ rơi\n1. Folder cái tay gấp làm vuông cũng được nhưng đưa nội dung xuống',0,0,0,0,1560775797),(325,'Chị Vân','','hr@saigon-travel.com','',5,150000,0,'In 24 tên mỗi tên 1 hộp. 70k/hộp',0,'In 24 tên, mỗi tên 1 hộp',0,0,0,0,1560775894),(326,'','','nguyet.minh@amatovn.com','',6,100000,0,'Sáng ngày 18/6 giao hàng',0,'In 1 hộp namecard',0,0,0,0,1560778810),(327,'Trân - 0915268294','','accounting2@karlgross.vn','',6,100000,0,'Sáng ngày 18/6 giao hàng=> Khách trả ship',0,'In 1 hộp',0,0,0,0,1560779081),(328,'Chị Lộc','','Unicovina','',6,14000000,0,'Khách đã chốt file => bình cho in offset',0,'',0,0,0,0,1560779387),(329,'Anh Hung','','Hung@globalsafewear.com','',0,1050000,0,'Canh màu theo pantone => khách hối',0,'- Sử dụng giấy Couche 300gsm\n- Cán màng mờ 2 mặt, in theo màu, bế theo hướng dẫn\n- Số lượng 5 hộp x 3 tên = 15 hộp\n- Đơn giá: 70.000 đồng/cái. Thành tiền: 1.050.000 đồng',0,0,0,0,1560779538),(330,'x','','','',1,0,0,'',0,'',0,0,0,0,1560783781),(331,'Trinh Đặng','0703370237','Trinhdangsha@gmail.com>','198/5 đường số 4, Phường 16. Gò Vấp',4,2630000,0,'Chốt hộp 2.300.000 đồng, giấy I300gsm\nTem đã xong. hộp đã gửi khuôn',0,'In Hộp + Decal',0,0,0,0,1560783789),(332,'','','phanphuongpp2011@gmail.com','',4,0,0,'',0,'In 20 cuốn',0,0,0,0,1560839443),(333,'','','hovanhoa@ptm-electric.com>','',6,14100000,0,'',0,'In 5 loại catalogue',0,0,0,0,1560842518),(334,'','','npthienbinh@gmail.com','',6,540000,0,'',0,'In Namecard',0,0,0,0,1560850333),(335,'Zalo Quang Tú','','','',6,300000,0,'https://drive.google.com/drive/folders/1j9e2NH3IrrXxLW-ry5PNQEHKZ9V-5RQP',0,'In 400 tem',0,0,0,0,1560868960),(336,'FB Lam Nguyen','','lam@mahachem.com','',6,1100000,0,'',0,'In 100 bộ thiệp\nBao thư in cắt riêng 12x22\nThiệp A4 gấp 3',0,0,0,0,1560915814),(337,'Chị Ngọc KH Cũ','0347682959','','',1,0,0,'In test gửi qua khách trong chiều nay 19/06',0,'',0,0,0,0,1560915996),(338,'x','','quangminh@phathoanggia.com.vn','',1,0,0,'',0,'200 thiệp \nA5 ngang + bao thư\n3 tấm',0,0,0,0,1560916122),(339,'','','','',1,0,0,'',0,'',0,0,0,0,1560925319),(340,'','','0338365186','',1,0,0,'',0,'In thiệp 100 cái, 100 khách, 1000 cái thiệp cảm ơn \n15x20',0,0,0,0,1560927164),(341,'x','','0949448873','',1,0,0,'14.500 đồng/cuốn',0,'12 trang 500 cuốn',0,0,0,0,1560929937),(342,'x','','','',1,0,0,'',0,'',0,0,0,0,1560933858),(343,'Zalo Thu Uyên','','dvkh@tlmcorp.vn','',2,0,0,'t2 tuần sau giao hàng',0,'In Thiệp mời 50 bộ, bao thư có sẵn',0,0,0,0,1560939805),(344,'','','<quangcaochuyennghiep.hcm@gmail.com>','',1,100000,0,'',0,'',0,0,0,0,1560939867),(345,'','','tiendat202@gmail.com','',4,0,0,'14h ngày 21/06 giao hàng',0,'In vé 250 cái',0,0,0,0,1561015846),(346,'','','khothoitrang.com.vn@gmail.com','',6,300000,0,'',0,'In 5 hộp namecard',0,0,0,0,1561015918),(347,'x','','','',1,0,0,'',0,'',0,0,0,0,1561082555),(348,'C Thảo NTV','','thao.tran@luatntv.vn','',5,0,0,'Đang bình in offset',0,'In 2000, folder + 2000 bao thư',0,0,0,0,1561082710),(349,'Chị Quyên','0918730831','','',6,100000,0,'',0,'in 1 hộp namecard',0,0,0,0,1561087683),(350,'0981240802 - Anpha','','','',6,320000,0,'Sáng mai giao hàng',0,'In 2 tấm banroll',0,0,0,0,1561089961),(351,'Anh Thông','0283846971','','',6,480000,0,'',0,'In namecard 3 hộp',0,0,0,0,1561100512),(352,'','','02723723665','',2,0,0,'THAM KHẢO THÊM VÀI CHỖ',0,'in tem giấy Kích thước nhãn	100x100 mm\nSố lượng	2000\nLoại decal	Decal giấy, Không cán màng\nĐơn giá sản phẩm	1.059\nThành tiền\n2.117.000',0,0,0,0,1561107019),(353,'','','','',2,0,0,'',0,'Thiệp 13x18cm, Bao thiệp 14x19cm Fo và C\n600 bộ. Đơn giá 4.500 đồng /bộ',0,0,0,0,1561113255),(354,'C Phương','','uyentnphuong@yahoo.com','',2,0,0,'',0,'12 cao x ngang 9 x 3cm 500 cái',0,0,0,0,1561177291),(355,'C My','','my.dtd@yeah1.vn','',2,0,0,'',0,'In namecard',0,0,0,0,1561343748),(356,'','','grungestudiovn@gmail.com','',5,1650000,0,'In thêm 50 bao thư nữa',0,'In 50 bộ thiệp + 50 bao thư',0,0,0,0,1561344094),(357,'Nguyễn Thị Duyên','','','',3,2700000,0,'P Thiết kế',0,'In 200 Túi giấy',0,0,0,0,1561344744),(358,'x','','','',2,0,0,'',0,'In Namecard',0,0,0,0,1561347815),(359,'Zalo Nguyễn Việt Anh','','otemagane@gmail.com>','',6,500000,0,'',0,'In 5 hộp',0,0,0,0,1561358338),(360,'Zalo Ngan Dong','','','',2,0,0,'',0,'In poster',0,0,0,0,1561358443),(361,'zalo Trần Thị Hồng','','hoangnguyenhong779@gmail.com','',6,1650000,0,'Đang thiết kế',0,'thiết kế + in 4000 tờ A5.\nĐã cọc 800k.',0,0,0,0,1561442380),(362,'Zalo Shina Contact Lens','','','',1,0,0,'',0,'In Túi Giấy 10.000 cái',0,0,0,0,1561456448),(363,'C Oanh','0912181681','hoangoanh004@gmail.com','',2,0,0,'',0,'Brochure A4\nBrochure 8 trang A4',0,0,0,0,1561456455),(364,'','','','',1,0,0,'a',0,'',0,0,0,0,1561458780),(365,'x','','Mua túi giấy trơn','',0,0,0,'',0,'Túi giấy Kraft 25x35 cái',0,0,0,0,1561458836),(366,'','','','',0,0,0,'',0,'In Dập nổi\nNamecar',0,0,0,0,1561460096),(367,'Quang Tú - Phát hoàng gia','','','',6,880000,0,'Đợi gửi file',0,'In Vé mời',0,0,0,0,1561514799),(368,'Chị Hồng- Zalo pH Nguyen','','Khi nào chị xuất hóa đơn thì ghi giúp em chính xác theo thông tin sau nhé Chi nhánh Công ty CP phần mềm Quản lý doanh nghiệp tại Tp.HCM – MST 0100727825-001 467/116/20 Lê Đức Thọ, Phường 16, Quận Gò Vấp, Tp.Hồ Chí Minh','',6,660000,0,'https://drive.google.com/drive/folders/1YT3BRVO8_OHrouYxVvc0aabR_OvFJVBF',0,'iN 40 thiệp + 40 bao thư',0,0,0,0,1561515129),(369,'Zalo Trần Ngọc','','','',6,300000,0,'',0,'In 4 hộp card',0,0,0,0,1561515620),(370,'Khách hẹn nay ghé','0938382534','','',6,1000000,0,'',0,'In ấn Folder 20 cái',0,0,0,0,1561515723),(371,'Anh Việt','','vietanh@7bridges.vn','',6,130000,0,'Amazon in',0,'In 1 tấm pP',0,0,0,0,1561516678),(372,'','0911112629','dvkh@tlmcorp.vn','',2,6600000,0,'',0,'In 600 bộ thiệp',0,0,0,0,1561516921),(373,'Andy Banh','','Andy.banh@yan.vn','',6,2970000,0,'',0,'In Thư cảm ơn 500 cái 20x20cm + 500\n bao thư nhỏ',0,0,0,0,1561517087),(374,'Chị Nga','','ngaht.vitasco@bbgroup.com.vn','',2,0,0,'',0,'In Poster A1 có đi băng keo 2 mặt',0,0,0,0,1561518177),(375,'Thuận Nguyễn Sh Gv','','','',2,0,0,'',0,'in 500 bộ thiệp cưới\nDạ em gửi báo giá:\nThiệp in hình\nKích thước 13x18cm \nSố lượng 500 bộ (trai + gái)\nĐơn giá 5.000 đồng/bộ\nNếu dập nổi hoa hồng: Đơn giá: 7.000 đồng/bộ',0,0,0,0,1561519845),(376,'Kiều Vy Zalo','','vanphong.hcm@hahalolo.com>','Địa chỉ: 400A-402 điện biên phủ, p17, q. Bình thạnh - 0868.939.255',6,300000,0,'26/6 giao hàng, sáng',0,'In 100 bao thư, in trên bao thư có sẵn, 12x22cm',0,0,0,0,1561520424),(377,'Trang Minh Thuận','0937422397','trangminhthuan@dotproperty.com.vn','',3,4000000,0,'In test cho khách',0,'Dạ em gửi anh báo giá như sau:\n- Bao Thư sử dụng giấy C300gsm, cán mờ, ép kim logo 11x21cm\n- Thiệp sử dụng giấy C300gsm kích thước 20x10cm \n- Số lượng 200 bộ. Đơn giá 10.000 đồng/bộ. Thành tiền: 2.000.000 đồng \nBáo giá trên chưa bao gồm VAT 10%',0,0,0,0,1561521386),(378,'Bui Hoang','','hoang.buiducminh@joton.com.vn','',2,0,0,'230 đồng/cái. Số lượng 400.000 cái =92.000.000',0,'In decal',0,0,0,0,1561522657),(379,'Anh Hiếu','0937207834','','',1,0,0,'Sáng mai qua trao đổi về thiết kế',0,'UNICOVINA',0,0,0,0,1561523750),(380,'x','0938034740','','',2,300000,0,'',0,'In thẻ giấy 100 cái',0,0,0,0,1561524083),(381,'','','','',1,0,0,'',0,'',0,0,0,0,1561528547),(382,'','','vytran9496@gmail.com>','',2,0,0,'',0,'In thiệp mời 50 bộ',0,0,0,0,1561532810),(383,'x','0903481184','','',2,150000,0,'sáng mai ghé in test',0,'in THIỆP MỜI, SÁNG MAI GHÉ, 30 CÁI',0,0,0,0,1561544061),(384,'','','','',1,0,0,'',0,'In Bìa C300',0,0,0,0,1561544062),(385,'Decembery','','','',0,700000,0,'In 5 hộp',0,'In namecard 5 hộp giấy mỹ thuật',0,0,0,0,1561546359),(386,'Quốc Trung','','quoctrungquangngai@gmail.com','',6,580000,0,'PHúc thiết kế',0,'In thẻ + in bạt',0,0,0,0,1561546488),(387,'Daihen Chu','','','',6,200000,0,'',0,'in 100 tờ, cấn 2 đường',0,0,0,0,1561546531),(388,'Ecopath miền nam Hằng','','','',6,2170000,0,'In',0,'in Gò vấp: 140c\n- Thủ đức: 130',0,0,0,0,1561546655),(389,'Anh Hung','0983377926','','',1,0,0,'',0,'in thiệp 70--100 thiệp',0,0,0,0,1561547396),(390,'Pham Hung','','','',2,0,0,'',0,'in 20 cuốn catalogue',0,0,0,0,1561547661),(391,'','','dangthailong24@gmail.com','',2,0,0,'',0,'In thiệp',0,0,0,0,1561547733),(392,'','0917454747','','',1,0,0,'',0,'Hỏi địa chỉ , in thiệp',0,0,0,0,1561604518),(393,'phƯƠNG dUNG','0367079716','ngopd@libertas.vn','',2,0,0,'',0,'IN 40 BỘ THIỆP',0,0,0,0,1561606134),(394,'C Quyên - Huỳnh Bằng','','toquyen.nguyen@huynhbang.com','',2,0,0,'',0,'in catalogue 36 trang',0,0,0,0,1561606281),(395,'Kim Ngan','','Kimngan.lethi04@gmail.com','',2,0,0,'',0,'In ấn folder',0,0,0,0,1561607361),(396,'','02862945561','','',2,0,0,'',0,'In Namecard 3 hộp + phí thiết kế 50k',0,0,0,0,1561608000),(397,'Nguyễn Mạnh Tuấn','','','',6,400000,0,'',0,'iN NAMECARD',0,0,0,0,1561609402),(398,'Tuyennguyenthiminh','','','',2,0,0,'',0,'In decal',0,0,0,0,1561611998),(399,'Long','','','',2,0,0,'',0,'in túi giấy',0,0,0,0,1561612346),(400,'Anh Thong','0343655029','nguyenminhthongcg2013@gmai.com','',1,0,0,'',0,'C300 20000 tờ, khổ A4',0,0,0,0,1561617550),(401,'Nguyen Le Truc','0919613831','','145B Nguyễn Đình Chính, Phường 11, Quận Phú Nhuận, Tp. HCM',6,300000,0,'',0,'In 198 số, decal',0,0,0,0,1561624601),(402,'Tivatunstore','','','',2,500000,0,'',0,'In 500 bộ thiệp',0,0,0,0,1561625974),(403,'Chị Thảo','+84932061905','thuthaovitabella@gmail.com','',6,500000,0,'',0,'In thiệp 50 bộ A5',0,0,0,0,1561626631),(404,'Phạm Ngọc Linh','','newdoor999@gmail.com','',5,8000000,0,'',0,'in 1000 cuốn',0,0,0,0,1561626746),(405,'Hoang Ngan','','','',5,2000000,0,'Thiết kế folder',0,'in 200 sticker + 50 folder + 50 card',0,0,0,0,1561627673),(406,'Anh Việt Anh','','otemagane@gmail.com','',6,600000,0,'',0,'In 10 hộp (5 card + 5 tag)',0,0,0,0,1561627810),(407,'','','thinhtkh@austdoor.com','',6,825000,0,'',0,'In thiệp mời',0,0,0,0,1561628728),(408,'Tên: NGHIÊM VIỆT HÀ -','','haminhchaulovejapan@yahoo.co.jp','',1,0,0,'',0,'Yêu cầu báo giá từ inoffsethcm\n-SDT: 0943383225\n-Email: haminhchaulovejapan@yahoo.co.jp\nHiện tại bên mình cần in thông tin và Logo cửa hàng trên túi giấy xi măng ( không cần quai). Bên mình có thể báo giá giúp không? Xin trân thành cám ơn',0,0,0,0,1561628751),(409,'Tìnn','','Delsk','',6,0,0,'',0,'in 70 cuốn Malta',0,0,0,0,1561632545),(410,'Anh Đạt','','tiendat202@gmail.com','',6,297000,0,'Chiều nay giao hang',0,'In 90 vé A5',0,0,0,0,1561634461),(411,'Mong Ngoc Tran','','','',2,0,0,'',0,'Mua 100 túi giấy có sẵn',0,0,0,0,1561634495),(412,'Trang Kumi','','','',2,0,0,'',0,'in gấp thiệp cưới',0,0,0,0,1561634664),(413,'manhattan080293@gmail.co','','','',0,1200000,0,'',0,'in 1 tấm + thi công',0,0,0,0,1561634853),(414,'Tigon','','0344571575','.CTY KONDO VIET NAM  Đường số 7 lo c khu cong nghiep hiệp phuoc',6,825000,0,'',0,'In thiệp mời, thôi nôi 150 cái\nBao thư fo100gsm\nThiệp c250gsm\nKích thước 12x18cm \nĐơn giá: 6.000 đồng/bộ',0,0,0,0,1561683116),(415,'Anh Quân','','phamminhquan200195@gmail.com','',2,0,0,'',0,'130 thiệp, in tên khách lên thiệp',0,0,0,0,1561690160),(416,'Zalo: Oanh','','oanh.trinh@bachmygroup.vn ạ','400000',3,13400000,0,'Đã gửi 5 cuốn mẫu, đợi khách phản hồi',0,'',0,0,0,0,1561696258),(417,'Hồng Sen','0967314161','','',2,0,0,'',0,'11 tờ trải dài',0,0,0,0,1561696363),(418,'x','','','',1,0,0,'',0,'',0,0,0,0,1561699454),(419,'Honghanhnguyenthi','','','',6,120000,0,'',0,'IN Vouhcher 100 cái',0,0,0,0,1561942033),(420,'','','','',1,0,0,'',0,'',0,0,0,0,1561942065),(421,'Đinh Khương','0909439386','dinhkhuong@xgear.vn','73 Tự Cường P.4 Q.Tân Bình  Đinh Khương 0909 439 386',6,100000,0,'In 50 cái namecard',0,'Message Body:\nĐặt in namecard\nSố lượng: 50 hộp\nLoại giấy: Couche (thường)\nLink tải: https://drive.google.com/file/d/1YCjrw_8_pXhfLS3HBi1A5Lwv5YGS2t4E/view?usp=sharing',0,0,0,0,1561942084),(422,'Lê Ngọc','0908758481','','',2,0,0,'',0,'In 150 cái\n– In offset 4 màu 1 mặt\n– Cán màng\n– C250, đục lỗ xỏ quai\n– 28 x 37.5 x 10 cm\n– Túi Đứng\nSố lượng 300 cái. Đơn giá: 17.000 đồng/cái\nSố lượng 500 cái. Đơn giá: 13.000 đồng/cái',0,0,0,0,1561942242),(423,'Phương Anh','0907853308','phuong.anh@voismagazine.com.au','',3,10000000,0,'',0,'In Tạp chí',0,0,0,0,1561945970),(424,'Ami','','bewocreative@gmail.com','',6,6600000,0,'',0,'In Hộp \nSổ tay\nCard',0,0,0,0,1561947205),(425,'Tam Nguyen','','','',6,800000,0,'',0,'in 10 hộp namecard',0,0,0,0,1561948230),(426,'Lê Nhạn','','','',6,200000,0,'',0,'In 50 card',0,0,0,0,1561948231),(427,'Anh Việt Anh','','vietanh@7bridges.vn','',6,750000,0,'',0,'in 30 cuốn',0,0,0,0,1561949686),(428,'Nha Vo','','','',1,0,0,'',0,'In bảng qc',0,0,0,0,1561950615),(429,'Như Thanh','','','',6,1620000,0,'',0,'in 18 hộp',0,0,0,0,1561950962),(430,'Tuyet Nhung','','','',6,1200000,0,'trong ngày nay giao hàng được ko',0,'In thiệp mời 200 A5',0,0,0,0,1561951568),(431,'Minh','','','',6,0,0,'',0,'Viettinbank đặt in thêm 40 cái nữa',0,0,0,0,1561951687),(432,'Người Bí Ẩn','','','',2,0,0,'',0,'in 2 hộp namecard ép kim',0,0,0,0,1561954412),(433,'','','tin.tran84@gmail.com','',6,100000,0,'',0,'In 1 hộp',0,0,0,0,1561975529),(434,'','','','',1,0,0,'',0,'Túi nilong',0,0,0,0,1562042373),(435,'Nguyenconglockkt','','','41 Quốc Lộ 22. Ấp Tân Tiến, Xuân Thới Đông, Hoc Môn. HCM 0937919955 Lộc e nhé',6,825000,0,'Khách trả ship, không thu tiền',0,'in 150 thiệp',0,0,0,0,1562118100),(436,'Xuân Cường','','','',1,0,0,'',0,'•	Hộp giấy lớn \n•	Hộp: Giấy : I300 gsm                              \n-	Kích thước : Cao 15 x ngang 20  x rộng 12 cm                                 \n-	In offset 4 màu 1 mặt                    \n-	 Cán màng bóng  2 mặt                    \no	Khay : \n-	Giấy : I300 gsm                       \n-	 Kích thước : Rộng 11,8 x ngang 19,8 x cao  4 cm                 \n-	Bế tròn 6 lỗ đường kính:  3 lộ đường kính 4 cm, 3 lỗ đường kính 5 cm.                                 \n-	Cán màng bóng 1 mặt\n•	Hộp giấy nhỏ\n-	Kích thước : DxRxC : 8x8x6\n-	Giấy I450 gsm\n-	In offset 1 màu 1 mặt\n-	Cán màng bóng 1 mặt\n-	Bế dán thành phẩm\nSố lượng 500 và 1000 hộp mỗi loại\nAnh báo giá giúp em với ạ\nAnh thiết kế giúp em thành file hộp luôn',0,0,0,0,1562118342),(437,'','','dang.thi.huyen.anh@cpgcorp.com.sg','',6,0,0,'',0,'In namecard',0,0,0,0,1562124490),(438,'','','thanhtam062888@gmail.com','',6,1221000,0,'',0,'in 300 tờ A4 1 mặt',0,0,0,0,1562127051),(439,'Nnta','0931111738','','',2,0,0,'',0,'Tờ rơi: 400 đồng/tờ\nVoucher 500 cái: 300.000 đồng\nKích thước 9x5.5cm\n100 voucher 50k cùng cỡ: 100.000 đồng',0,0,0,0,1562136535),(440,'Trà My','','','',2,0,0,'',0,'in 200 bộ thiệp',0,0,0,0,1562139402),(441,'Milano','','khoi.than@milanocoffee.com.vn','',1,0,0,'',0,'33x26x12cm, 500 cái',0,0,0,0,1562207663),(442,'Thắng Trần','','Như Ý Lê','',6,0,0,'',0,'in 100 tờ A3',0,0,0,0,1562232446),(443,'x','090938791298','','',2,750000,0,'',0,'in thiệp 50 bộ',0,0,0,0,1562232592),(444,'Chị Dung','0947670660','mydung@anthinhhome.com.vn','',1,0,0,'',0,'Bìa sổ tay 100 trang\n500 cuốn\nđóng lò xo \nKích thước 8.5x8.5cm',0,0,0,0,1562290149),(445,'Tạ Đình Thương','','tapchiduan@gmail.com>','Số 11 Hồ Xuân Hương, Phường 6, Quận 3 - 0909980420',6,1200000,0,'',0,'In namecard',0,0,0,0,1562301475),(446,'Le cong Phong','','','',6,800000,0,'',0,'In namecard',0,0,0,0,1562301490),(447,'Thanh Hiền Võ','','','',6,150000,0,'',0,'in 1 hộp',0,0,0,0,1562309673),(448,'x','','','',1,0,0,'',0,'In namecard 4 tên x 1 hộp',0,0,0,0,1562310728),(449,'','','','',2,0,0,'',0,'in 4 hộp giấy mỹ thuật',0,0,0,0,1562311422),(450,'','','','',1,0,0,'',0,'In thiệp mời 100 bộ',0,0,0,0,1562320706),(451,'Trang Nguyen','','trangnguyen608.vt@gmail.com','',6,4200000,0,'10/7 ghé',0,'in tui giay 30x11x4.5cm 500 cái, túi nap gap, quai bang lo',0,0,0,0,1562487917),(452,'Kita','','','',6,0,0,'Khách hẹn qua tuần lên đặt hàng',0,'in 50-100 thiep 10x20cm',0,0,0,0,1562490773),(453,'Lê Quỳnh Trâm','','','50 Hoa cau',1,0,0,'Sáng mai em sẽ cho gửi folder + bao thư + giấy mỹ thuật + mẫu bồi dày qua ạ',0,'In namecard giay my thuat',0,0,0,0,1562490798),(454,'Nguyễn Thái Sơn Bình','','','',2,0,0,'',0,'In namecard',0,0,0,0,1562490815),(455,'Anh Thế Trần','','','',2,0,0,'',0,'In poster + bạt',0,0,0,0,1562491340),(456,'Phạm Hoàng An Khang','','','',3,3800000,0,'in 500 cái',0,'In ấn folder',0,0,0,0,1562491765),(457,'Linh Linh','','','',6,200000,0,'Đang sửa file',0,'in ấn namecard',0,0,0,0,1562491783),(458,'Trợ Thính Hạnh Phúc','','','',6,450000,0,'Chỉnh file',0,'in 10 hộp namecard',0,0,0,0,1562491818),(459,'','0967771595','','',2,0,0,'',0,'3000 tờ a5 450đ.',0,0,0,0,1562492661),(460,'Thắng Trần','','','',6,300000,0,'Đang in',0,'in 5 hôp',0,0,0,0,1562492739),(461,'0902263620','','','',1,0,0,'Hẹn qua công ty sau 5h',0,'Thiệp cưới',0,0,0,0,1562493301),(462,'','0978771088','','',1,0,0,'',0,'mua tui giay 2000 cái',0,0,0,0,1562495018),(463,'Đình Thi','','thi.nguyen_hcm@eastern.vn','',6,770000,0,'Đang in',0,'in thiệp',0,0,0,0,1562554826),(464,'Mai Thảo','','','870000',3,1600000,0,'Đợi đặt cọc mới in',0,'In 40 hộp card',0,0,0,0,1562555313),(465,'','0934952221','daniel.ahdy@gmail.com','360000',6,700000,0,'Đợi ck đặt cọc  mới làm',0,'2 hộp',0,0,0,0,1562557285),(466,'','','thekhai0303@gmail.com','',6,320000,0,'Đang in',0,'In thiệp 80 cái',0,0,0,0,1562558650),(467,'x','','','',1,0,0,'',0,'',0,0,0,0,1562559049),(468,'Anh Quang','0935412042','quang.pt1411@gmail.com','',2,1080000,0,'',0,'in thiệp mời sự kiện 500-1000 thiệp',0,0,0,0,1562560768),(469,'Ron','','','',6,230000,0,'Đang in',0,'In 2\n\n hộp',0,0,0,0,1562562178),(470,'Chị Vy','0909007387','quynhvy1710@gmail.com','',3,3770000,0,'',0,'30 trang 50 cuốn - 100 cuốn',0,0,0,0,1562568023),(471,'C Diễm','','hcns@vietnamasia.vn','',2,340000,0,'',0,'IN 2 HỘP GIẤY MỸ THUẬT',0,0,0,0,1562571572),(472,'Hoang Ngan','','','',2,0,0,'',0,'in Brochure A5, 100 cuốn A5',0,0,0,0,1562584192),(473,'x','','vynguyen0309@gmail.com','',1,0,0,'',0,'in card',0,0,0,0,1562640930),(474,'','','In namecard','',2,0,0,'',0,'',0,0,0,0,1562641118),(475,'','','','',1,7000000,0,'',0,'',0,0,0,0,1562641684),(476,'','','ducdn01@acb.com.vn>','',2,0,0,'',0,'Báo giá in ấn',0,0,0,0,1562643040),(477,'','','','',1,0,0,'',0,'Yêu cầu báo giá từ inoffsethcm\n-Tên: Nguyễn Hồng Cẩm Khuyên\n-SDT: 0346909154\n-Email: nguyenck1997@gmail.com\nHiện nay công ty TNHH Ha Đạt đang có nhu cầu thiết kế , in catalog và tờ rơi cho sản phẩm mới của công ty. Chúng tôi đề nghị công ty Inoffsethcm gửi chúng tôi bảng báo giá về các dịch vụ in ấn của công ty. Xin cảm ơn.',0,0,0,0,1562644522),(478,'c ngân','','','',2,0,0,'',0,'3 x 180k',0,0,0,0,1562645373),(479,'Thôi Tuyết','','','',1,0,0,'',0,'in thiệp cưới 300-500',0,0,0,0,1562647535),(480,'C Ngọc','','','',2,0,0,'',0,'300 thiệp: 500.000 đồng\n500 thiệp: 800.000 đồng',0,0,0,0,1562655505),(481,'Sujyo','','','720000',6,960000,0,'',0,'in namecard',0,0,0,0,1562658434),(482,'x','','','',2,0,0,'Ship 20-30k Hẹn sáng t4 gửi mail',0,'500 tờ A5:900k',0,0,0,0,1562658436),(483,'Chị Yến Nhi','','','',2,0,0,'',0,'',0,0,0,0,1562666628),(484,'Tú Văn Bùi','','','',6,176000,0,'',0,'in 50 thiệp mời A5',0,0,0,0,1562678610),(485,'','','toquyen.nguyen@huynhbang.com>','',2,0,0,'',0,'In ấn namecard',0,0,0,0,1562678947),(486,'','','ngan.dinh@paulsadlerswimland.com','',6,130000,0,'',0,'in pp',0,0,0,0,1562678980),(487,'','','nguyenck1997@gmail.com','',2,0,0,'',0,'',0,0,0,0,1562679200),(488,'Ngọc Hân','','','',2,0,0,'',0,'in namecad',0,0,0,0,1562679571),(489,'','0938693921','tubv.anphu@gmail.com','',2,0,0,'',0,'Đặt in Thiệp Mời\nSố lượng: 50 cái\nKích thước: A5\nKèm Bao Thư: Không\nNote :Tôi cần in 50 tấm thiệp kich cỡ A5 , mặt trước sau , file bên tôi đã tự có , xin vui lòng báo giá giúp tôi',0,0,0,0,1562716188),(490,'x','','','',2,0,0,'',0,'A5 4000 tờ 1600 tờ, phí thiết kế 100k',0,0,0,0,1562724272),(491,'Như Ý lê','','amipharm.sale@gmail.com','600000',6,885000,0,'',0,'',0,0,0,0,1562724756),(492,'','0392323266','','',2,0,0,'',0,'In 10 hộp namecard',0,0,0,0,1562725398),(493,'','','vanthanhle1986@gmail.com','',1,0,0,'',0,'in thiệp cưới',0,0,0,0,1562732592),(494,'Doan Duc Dat','','','4500000',3,17500000,0,'',0,'in 1000 cuốn đóng keo 44 trang',0,0,0,0,1562733039),(495,'Chị Huyền','','jeffreyson_liu@yahoo.com>','292000',6,594000,0,'',0,'in namecard gấp 2 người x 2 hộp x 90.000 đồng',0,0,0,0,1562734729),(496,'','','ngan.dinh@paulsadlerswimland.com','',5,440000,0,'',0,'in namecard nhựa',0,0,0,0,1562744181),(497,'','0908607757','','',1,0,0,'Hẹn qua công ty, sáng t7',0,'In namecard + tiêu đề',0,0,0,0,1562807211),(498,'Bach','0916410853','','450000',6,775000,0,'',0,'In namecard 20-30 hộp',0,0,0,0,1562807243),(499,'Quang Duy','','','',2,0,0,'',0,'1. Menu gấp 3 giấy C150 ( 30 x 45)  sl: 80 bộ\nĐơn giá: 9.000 đồng/tờ. Thành tiền: 720.000 đòng \n\n2, Bộ 3 tờ giay C300 ( 22 x 34) , C300 cán màn bóng : 80 bộ\n- Kích thước 21x30cm. Đơn giá: 15.000 đồng/bộ\n- Kích thước 22 x 34cm. Đơn giá: 27.000 đồng/bộ\nBáo giá trên chưa bao gồm VAT 10%',0,0,0,0,1562807273),(500,'Do ngoc vien','','','',3,1700000,0,'',0,'In 20 hộp card + 100 tờ A4 gấp 3',0,0,0,0,1562811762),(501,'Ny Ny','','','',1,0,0,'',0,'In hộp',0,0,0,0,1562814652),(502,'Phờ Ong','0369956717','pho.ong96@gmail.com','232/2 bình lợi, p12 bình thạnh 0369956717 14:51 15:26 Hôm qua',3,1895000,0,'',0,'In thiệp',0,0,0,0,1562819948),(503,'Lê Cẩm Trang','','','',1,0,0,'',0,'In folder',0,0,0,0,1562820127),(504,'Phạm Hồng Trị','','','',2,0,0,'',0,'In 500-1000 bộ',0,0,0,0,1562826798),(505,'Tố Dung','','','265000',6,400000,0,'',0,'In namecard',0,0,0,0,1562826893),(506,'Anh Hoá','','hoalioahcm@gmail.com','485000',6,650000,0,'',0,'Thiệp mời 100 cái Brochure 200 cái  lioa màu đỏ nền cam, in thử thì thấy nó hơi mờ, mình kiểm tra xem có ok ko? 0395 171 111 - Anh Hoá',0,0,0,0,1562828310),(507,'x','','','',1,0,0,'',0,'In thiệp  giấy mỹ thuật, 300gsm, + thường 250gsm 2-3 option',0,0,0,0,1562834351),(508,'Trang Nguyen','','','Đã thanh toán 2.000.000 đồng',6,4200000,0,'',0,'Hộp mật ong',0,0,0,0,1562836789),(509,'Nguyễn Quốc Trí','','','',2,0,0,'',0,'In ấn namecard',0,0,0,0,1562836964),(510,'Phương Trang Trần Nguyễn','','','',1,0,0,'',0,'dạ namecard Couche: 1 hộp: 100.000 đồng\nNamecard giấy mỹ thuật, dập chìm: 1 hộp 350.000 đồng\nNamecard nhựa trong suốt: 440.000 đồng ạ',0,0,0,0,1562840931),(511,'Ms Hoàng kIM','','','LỜI 1.800TR',6,2780000,0,'',0,'',0,0,0,0,1562841714),(512,'Chị Tên Nga','0912763','Sen Ngoc','Lời 860000',6,1360000,0,'',0,'In namecard 10 hộp, 21x7.8cm 100 tờ 1 cuốn , xé răng cưa, 20-30 cuốn',0,0,0,0,1562842197),(513,'x','0398833073','','',2,0,0,'',0,'In Túi giấy 250 cái\n– In offset 4 màu 1 mặt\n– Cán màng\n– C250, đục lỗ xỏ quai\n– 21 x 31 x 10 cm\n– Túi Đứng',0,0,0,0,1562842830),(514,'tiendat202@gmail.com','','','180000',6,240000,0,'',0,'',0,0,0,0,1562894929),(515,'Yến','','','3400000',6,7245000,0,'',0,'in Tờ rơi',0,0,0,0,1562897589),(516,'hao.tran@paulsadlerswimland.com','','','',6,675000,0,'',0,'in 300 tờ',0,0,0,0,1562915497),(517,'x','','iristhuytien94@gmail.com','',6,0,0,'',0,'in 1000 folder',0,0,0,0,1562918893),(518,'nhi.nguyen@everlastingvn.com','','','',0,0,0,'',0,'iN SÓ TAY',0,0,0,0,1562925451),(519,'jenny','','','',6,460000,0,'',0,'in namecard',0,0,0,0,1562925695),(520,'Chú Cảm','0908607757','','900000',1,0,0,'',0,'in 200 bộ thiệp + bao thư',0,0,0,0,1562980642),(521,'','0964707922','nhuquynh.lamanda@gmail.com','',1,0,0,'',0,'In 1000 túi 15x15x6cm',0,0,0,0,1563014842),(522,'','0902648048','','',1,180000,0,'',0,'in namecard 2 hộp',0,0,0,0,1563156828),(523,'','','vanphonghephaikhatsi@gmail.com','',6,2200000,0,'',0,'in 400 tờ',0,0,0,0,1563158330),(524,'','','vy.ng@bridgesystem.me>','',1,0,0,'',0,'109 cấn 11 đường, Chiều 79 cấn 3 đường \n10.000 tờ\nemail',0,0,0,0,1563159643),(525,'','','daotri750931@gmail.com','262/12 Lê Văn Sỹ, P.14, Q.3 nguoi nhận Hiền',6,340000,0,'',0,'In 2 hộp giấy mỹ thuật',0,0,0,0,1563161219),(526,'','','thuhong@lclshippingco.com.vn','',1,0,0,'',0,'in namecard dập nổi',0,0,0,0,1563162618),(527,'Chị Vy','','vy.ng@bridgesystem.me>','',1,0,0,'',0,'in tờ gấp',0,0,0,0,1563162759),(528,'x','','minhpt@ite.com.vn>','',6,300000,0,'',0,'in 5 hộp namecard',0,0,0,0,1563162760),(529,'x','Khách tuần trướ','teamleader.marketing@4men.com.vn','',1,0,0,'',0,'In Túi giấy',0,0,0,0,1563162761),(530,'x','Khách tuần trướ','nhi.nguyen@everlastingvn.com','',1,0,0,'',0,'In sổ tay',0,0,0,0,1563163059),(531,'thien khang','','','',6,230000,0,'',0,'in 2 hộp namecard',0,0,0,0,1563163959),(532,'Anhtuan','','','',1,0,0,'',0,'in catalogue',0,0,0,0,1563163991),(533,'Như Thanh','','','',6,540000,0,'',0,'in 6 hộp(3 tên)',0,0,0,0,1563164625),(534,'','','tuong.luongdac@jetstarpacific.com.vn','',2,0,0,'',0,'In thiệp mời',0,0,0,0,1563165205),(535,'x','','','',1,0,0,'',0,'',0,0,0,0,1563165451),(536,'','','ngvkhong@gmail.com','',6,550000,0,'',0,'in 2\n00 vé mời',0,0,0,0,1563172477),(537,'','','amipharm.sale@gmail.com','',6,320000,0,'',0,'In decal 1000 cái',0,0,0,0,1563175121),(538,'','0901420135','aingannguyen2000@gmail.com','',1,0,0,'',0,'in 50-100 bộ 12x18cm',0,0,0,0,1563183594),(539,'Delsk','','','',6,0,0,'',0,'In màu 2 mặt\nSố lượng 47 trang A4 ngang\nBìa giấy C300 + ruột Giấy C150gsm\nĐóng cuốn bấm 2 kim giữa\nSố lượng 50 cuốn, Đơn giá: 110.000 đồng/cuốn. Thành tiền: 5.500.000 đồng \nSố lượng 70 cuốn. Đơn giá: 93.000 đồng/ cuốn. Thành tiền: 6.510.000 đồng\nBáo giá trên chưa bao gồm VAT 10%',0,0,0,0,1563188444),(540,'Mitali Phan','','','',1,0,0,'',0,'In thiệp 500 bộ',0,0,0,0,1563188597),(541,'Ánh Sương','','','',6,350000,0,'',0,'In Namecard 5 hộp',0,0,0,0,1563188646),(542,'C Thơm','02838303072','','',2,0,0,'',0,'in 30 bộ, A5: 17.5k/bộ',0,0,0,0,1563244776),(543,'Luân Lê','0765857048','luanle.psl@petrosetco.com.vn','',1,260000,0,'',0,'Làm Broche về Logistics',0,0,0,0,1563247071),(544,'','0903379252','','',1,0,0,'',0,'300 cái Card 1 nội dung',0,0,0,0,1563266224),(545,'','','','',1,0,0,'',0,'Bìa hồ sơ\nBao thư có nút có dây 1000-3000 -0972488991',0,0,0,0,1563266283),(546,'','','','',1,0,0,'',0,'600 bộ\n10x20 \nKimhoainhu@gmail.com\n0938649196',0,0,0,0,1563266292),(547,'','','Sổ tay Phần bìa làm chất liệu bìa cứng, cán mờ, in màu, Giấy couche 300gsm cán mờ  Phần ruột in trắng đen, giấy fo100gsm  Lưu ý: Nội dung bên trong thiết kế chỉ gồm 3 trang là Khởi đầu - Nhật ký hành trình - Kết thúc Nhưng khi in thì ruột cuốn sổ gồm 50 t','',2,0,0,'',0,'',0,0,0,0,1563273798),(548,'C DUYÊN','+84 764 929 389','duyenglasskote@gmail.com','',2,0,0,'',0,'IN 100 BỘ THIỆP KÍCH THƯỚC 12X22CM',0,0,0,0,1563323920),(549,'Chị Kiều','','huathanhkieu89@gmail.com','',6,0,0,'',0,'in 40 folder',0,0,0,0,1563324402),(550,'x','','','',1,0,0,'',0,'',0,0,0,0,1563346430),(551,'','','','',1,0,0,'',0,'100 thiệp\nA5 gấp 2\nCả bao thư \nnam.nguyen@ios-vn.com\n0901880013',0,0,0,0,1563424015),(552,'C Đăng','','','',2,0,0,'',0,'21x9.5cm \nC300\n1000 tờ\n1.100.000 đồng\n1500: 1.000 đồng/tờ',0,0,0,0,1563424340),(553,'TK Hưng','','','',6,1200000,0,'',0,'100 bộ thiệp',0,0,0,0,1563426399),(554,'x','0382107138','','',0,0,0,'600k - Khách hẹn qua cty',0,'5 cuốn 24 trang - C300 toàn bộ. Bìa cán bóng',0,0,0,0,1563502788),(555,'Trungmanh','','','',2,0,0,'',0,'Kích thước : 18 x 12cm\nGiấy Cmatt 150gsm\nIn offset 2 mặt 4 màu, đóng đinh thành phẩm : 9 x12cm\n24 trang\nsố lượng 1,000 cuốn. Đơn giá: 7.000 đồng/cuốn. Thành tiền: 7.000.000 đồng',0,0,0,0,1563505510),(556,'Tên:  Tam Le','SĐT  :090881181','Email:tamlt@fsinvest.vn','',1,0,0,'',0,'Note :Bên mình muốn in 01 bô nhận diện thương hiệu: túi giấy, bao thư, lịch Tết... đã có sẵn thiết kế. Vui lòng tư vấn và báo giá giúp mình , chi phí thấp rẻ đẹp.',0,0,0,0,1563505541),(557,'Khách hôm qua','','nguyen@koreapetroleum.com','',6,0,0,'',0,'IN namecard',0,0,0,0,1563505631),(558,'','','minhpt@ite.com.vn','',6,300000,0,'',0,'in namecard',0,0,0,0,1563505746),(559,'x','0903772698','','',2,0,0,'6k/bộ, 4.5k/bộ',0,'150 thiệp thôi nôi',0,0,0,0,1563516006),(560,'','','','',6,0,0,'',0,'in namecard',0,0,0,0,1563518404),(561,'Huu Truong','','','',2,0,0,'',0,'In sticker',0,0,0,0,1563519421),(562,'','0903304645','','',2,0,0,'',0,'thư mời 100 bộ',0,0,0,0,1563521572),(563,'Ho Quoc Cuong','','','',6,240000,0,'Đợi gửi thông tin',0,'In 5 hộp',0,0,0,0,1563758000),(564,'','','','',6,1230000,0,'',0,'A3 gấp 2 100 tờ + 1 hộp namecard',0,0,0,0,1563762790),(565,'','0979047015','','',6,220000,0,'',0,'in menu 30 tờ',0,0,0,0,1563765816),(566,'C Như','0906935097','lounhu@gmail.com','',6,3050000,0,'',0,'IN 25 HỘP + 1000 TỜ A3 + BAO THƯ',0,0,0,0,1563771093),(567,'','','','',1,0,0,'',0,'300 cái, 1 bánh bao và 1 bánh ngọt \nGiấy kraft',0,0,0,0,1563785941),(568,'Chau Nguyen','','','',6,250000,0,'Xong',0,'in 10 hộp in ghép',0,0,0,0,1563788295),(569,'','','','',1,0,0,'',0,'5 cuốn catalogue 8 trang',0,0,0,0,1563851446),(570,'x','','vendor.vkp@gmail.com','',0,0,0,'',0,'In thiệp mời',0,0,0,0,1563851705),(571,'x','','','',1,0,0,'',0,'',0,0,0,0,1563868044),(572,'Qt is King','0917556565','','',2,0,0,'',0,'In catalogue 24 trang',0,0,0,0,1563868048),(573,'Manuka','','','',6,0,0,'',0,'In thiệp mời',0,0,0,0,1563868048),(574,'','','judy@dotproperty.com.vn','',0,0,0,'Hoàn thành đợi thanh toán',0,'In thiệp mời 120 bộ',0,0,0,0,1563935584),(575,'Diem Huynh','0903782234','','',2,0,0,'',0,'In Ấn Profile 10 tờ\n5 Cuốn',0,0,0,0,1563935735),(576,'Chị Trang','0906982689','trangtth.etp@gmail.com','',2,0,0,'',0,'In ấn Profile 50 cuốn, 5 loại khác nhau, mỗi loại 10 cuốn\n20 trang - 70 trang\n2870 trang tổng cộng 50 cuốn luôn\n5tr',0,0,0,0,1563936324),(577,'C VÂn','','ttyv711@gmail.com','',2,0,0,'',0,'In ấn thiệp mời',0,0,0,0,1563942701),(578,'','0937585599','','',2,0,0,'',0,'In card visit',0,0,0,0,1563943045),(579,'Ami','','bewocreative@gmail.com','',6,7100000,0,'đợi khách chuyển khoản rồi in',0,'In Sổ tay + Bộ Card',0,0,0,0,1563946002),(580,'chị Lan - cty Đức Quý','0909390374','ducquyco73@gmail.com','',1,0,0,'',0,'Chụp hình +Thiết kế + in 20 cuốn',0,0,0,0,1563954303),(581,'Chị Vân','0986248037','dinhthihanhvan@gmail.com','',0,300000,0,'Sáng Mai 10h giao',0,'5 hộp card',0,0,0,0,1563955952),(582,'','0589693728','micky_ho91@hotmail.com','',6,475000,0,'Đợi khách gửi file rồi in',0,'In 1500 sticker 4x4cm',0,0,0,0,1563959452),(583,'Chị Vân ANh','02836365965','vananh-ng@starocean-marine.com','',6,0,0,'Phúc thiết kế',0,'In Card Visit, 120,000 đồng/hộp\nPhí Thiết kế: 50,000 đồng\nIn 2 tên x 2 hộp  = 4 hộp',0,0,0,0,1563959655),(584,'Anh Minh','02873007677','Đặng NGọc MInh','',6,250000,0,'',0,'10-20 thiệp mời\n250-300k',0,0,0,0,1563960100),(585,'','','hoakimduongs@yahoo.com','',2,0,0,'',0,'In ấn namecard',0,0,0,0,1563960707),(586,'','','sukhapanna@gmail.com','',1,0,0,'',0,'In sách',0,0,0,0,1563960736),(587,'No\'s House','','','',6,0,0,'Sơn in',0,'In sticker 6cm, vẽ lại logo',0,0,0,0,1563970542),(588,'FB Duc Trong','','','',0,500000,0,'ĐỢI KHÁCH DUYỆT',0,'Thiết kế logo',0,0,0,0,1563971122),(589,'Nguyễn Quốc Nam','','','',6,230000,0,'',0,'in 2 hộp + thiết kế',0,0,0,0,1563971178),(590,'Mai Lê','','','',6,500000,0,'',0,'In 50 tờ A3',0,0,0,0,1563971293),(591,'Tr','','to.trang84@gmail.com','',6,100000,0,'Sơn',0,'In 1 hộp',0,0,0,0,1563976722),(592,'Ngoc ltc','02871055899','hanhchinh01@thanhancereal.com','',6,450000,0,'Phúc thiết kế',0,'in 9 hộp x 50k',0,0,0,0,1564015845),(593,'Chị Nhi','02836365867','','',2,0,0,'',0,'In Thiệp A5,\nGiấy C300, fo170 13k\nGiấy mỹ thuật 20k/bộ',0,0,0,0,1564029212),(594,'Chị Vân','','Hoang Thi Bich Van','',3,827000,0,'Gửi mẫu giấy xuống cho khách',0,'In Sticker 2cm, giấy kraf \n20,000 cái',0,0,0,0,1564029400),(595,'Anh Kim','0968017897','','',2,0,0,'',0,'3000 cuốn A5, \nTrăng đen, bìa màu \n40 trang, đóng kim',0,0,0,0,1564036948),(596,'Thang tran','','','',6,150000,0,'Sơn',0,'in 1 hộp namecard',0,0,0,0,1564037446),(597,'C Tâm','','thanhtam062888@gmail.com','',6,1350000,0,'Sơn',0,'in 500 tờ A4 1 mặt',0,0,0,0,1564038175),(598,'','','nabittstor@gmail.com','',6,150000,0,'Sơn Thực hiện',0,'in phiếu bốc thăm trúng thưởng',0,0,0,0,1564039068),(599,'x','0909284648','','',0,0,0,'',0,'Thiết kế logo + in namecard nhưng yêu cầu qua làm việc => từ chối vì ko đi được',0,0,0,0,1564039200),(600,'','','','',1,0,0,'',0,'Yêu cầu báo giá từ inoffsethcm\n-Tên: tống thị bích phượng\n-SDT: 0345014842\n-Email: hoaphatnoithatvanphong@gmail.com\nmình cần in catalog 2 mặt',0,0,0,0,1564042705),(601,'C Ngân','','ngan.dinh@paulsadlerswimland.com','',6,2400000,0,'Sơn in Sáng thứ 2 giao hàng',0,'4 x 300 = 1200',0,0,0,0,1564043371),(602,'Bùi VĂn công','','','',6,284500,0,'Sơn in',0,'In Stiker 500 cái 35x35cm',0,0,0,0,1564043816),(603,'','','minhtuan.ken@gmail.com','',6,284500,0,'Sơn => S',0,'In sticker',0,0,0,0,1564044944),(604,'Anthonylee','','','',6,440000,0,'Sơn in',0,'3 hộp 200 và 1 hộp 500',0,0,0,0,1564047220),(605,'Đình Thi','','thi.nguyen_hcm@eastern.vn','',6,777000,0,'Amazon',0,'in 6 cái Standee',0,0,0,0,1564051142),(606,'','','vietanh@7bridges.vn','',6,929000,0,'Amazon',0,'In Standee',0,0,0,0,1564052465),(607,'Vivy','','receptionist@blackstones.vn','',6,1920000,0,'',0,'in 48 hộp namecard',0,0,0,0,1564054172),(608,'No\'s House','','','',6,290000,0,'Phúc',0,'Thiết kế + in banner',0,0,0,0,1564056916),(609,'Quang Triều','','trieunghean@yahoo.com','',3,8000000,0,'',0,'In Sách',0,0,0,0,1564058717),(610,'x','0918735444','','',6,600000,0,'Tài',0,'6cm, cán bóng, chữ L màu trắng',0,0,0,0,1564062134),(611,'','','to.trang84@gmail.com','',6,100000,0,'',0,'in lại 1 hộp',0,0,0,0,1564102620),(612,'Chị Khuê','','','',2,0,0,'',0,'in 200 thiệp mời ra mắt đĩa cd',0,0,0,0,1564105618),(613,'','0973012138','','',2,0,0,'',0,'Thiết kế hồ sơ năng lực,Chưa có gi',0,0,0,0,1564108649),(614,'CÔ IN BÌA','','','',3,165000000,0,'',0,'Làm mẫu cuốn mới, đợi cổ gửi mẫu mới qua',0,0,0,0,1564113115),(615,'x','','','',1,0,0,'',0,'Ks sheraton 88 đồng khởi',0,0,0,0,1564121779),(616,'x','0938308639','','',6,560000,0,'Đợi khách gửi thêm link hình',0,'20 cái: 28k\n50 cái: 24k',0,0,0,0,1564133202),(617,'Đặng Kỳ Duyên','Du Yên 07999970','huong.carrycare@gmail.com>','',6,800000,0,'Tối gửi file và chốt số lượng',0,'10 quyển: 500,000 đồng \n20 quyển:800,000 đồng \n50 quyển: 1,400,000 đồng',0,0,0,0,1564133202),(618,'Anh Hiền','0981552377','','',2,0,0,'',0,'Folder\n100 cái: 1,7tr\n200 cái: 2,8tr\n1000 cái: 4tr',0,0,0,0,1564133566),(619,'C Loan','0961313990','nhaccusimon@gmail.com','',1,0,0,'',0,'100 cuốn 131 tờ A4\nĐóng keo gáy\nRuôt in trắng đen, bìa màu',0,0,0,0,1564133989),(620,'Pham hoang an khang','','khang@gmail.com','',2,0,0,'',0,'Poster A3',0,0,0,0,1564193239),(621,'','','accounting2@karlgross.vn','',6,100000,0,'',0,'in 1 hộp',0,0,0,0,1564197888),(622,'','','','',1,0,0,'',0,'In thiệp',0,0,0,0,1564202762),(623,'','','','',1,0,0,'',0,'In kỷ yếu',0,0,0,0,1564203556),(624,'Simon Music','','simonmusic.a1603@gmail.com','',2,0,0,'In Sách 261 trang, Ruột 80 trang có màu(80 trang liền nhau), số còn lại in 1 màu đen\nĐóng keo, hoặc lò xo\nKích thước A5\nBìa in màu C300gsm \nSố lượng 100 cuốncuốn. Đơn giá: 84,000 đồng/cuốn\nSố lượng 200 cuốn, Đơn giá: 73.000 đồng/cuốn',0,'100-200 cuốn A5\n261 trang\nruột trắng đen',0,0,0,0,1564203564),(625,'NO\'S HOUSE','','','',6,650000,0,'',0,'in 1000 decal pp',0,0,0,0,1564204583),(626,'Đặng Kỳ Duyên	Du Yên 07999970	huong.carrycare@gmail.com>','','','',6,800000,0,'',0,'20 cuốn',0,0,0,0,1564205768),(627,'','','','',6,600000,0,'',0,'In 200 phiếu',0,0,0,0,1564206293),(628,'','0989940198','','',2,0,0,'1100000',0,'in sách 16x22 30-40 trang \nin 10 cuôn',0,0,0,0,1564213383),(629,'x','','amy.vo@mangiico.com>','',6,300000,0,'',0,'in 100 cái',0,0,0,0,1564214973),(630,'Tên:  Ý Như Email:marketing.papaxot@gmail.com SĐT  :0934381146 Note :Mình muốn in số lượng từ 500 đến 1000 báo giá giúp mình','','','',2,3350000,0,'',0,'',0,0,0,0,1564216913),(631,'Huynh Le','','','1000000',3,3000000,0,'',0,'In Bao Thư',0,0,0,0,1564238227),(632,'','','','',1,0,0,'',0,'',0,0,0,0,1564289809),(633,'Chu Thu','','','1100000',3,2600000,0,'',0,'In poster A3 500 tờ + Namecard +',0,0,0,0,1564297127),(634,'Lê Văn Trung','0938988227','letrung.pgdbc@gmail.com','',0,0,0,'',0,'Lê Văn Trung - Đặt in Kỷ Yếu\nSố cuốn: 100\nNote :Số Trang cần in : 74 (Có bìa)',0,0,0,0,1564318401),(635,'','','kanet.tran@namhuongcorp.com.vn','',2,0,0,'',0,'In PP, hiflet',0,0,0,0,1564321478),(636,'Anh Hieu','0961901711','trunghieulth2111@gmail.com','',1,0,0,'',0,'Thiet ke 10 trang A4',0,0,0,0,1564379369),(637,'','','','',1,0,0,'',0,'',0,0,0,0,1564388955),(638,'','0783847099','','',2,0,0,'',0,'61 trang A4 in 100 cuốn',0,0,0,0,1564391506),(639,'x','0983718005','','',2,0,0,'',0,'THIỆP 15X15CM \n100 TỜ: 300,000\nSTICKER: 5X5CM: 264K',0,0,0,0,1564393206),(640,'Chị Vy','02839326375','khtt2@vinaforsaigon.com.vn','',1,0,0,'',0,'In Folder, cán mờ 2 mặt\nThiết kế luôn\nBáo giá khoảng 500 cái',0,0,0,0,1564458411),(641,'','','','',1,0,0,'',0,'',0,0,0,0,1564458681),(642,'Quyên Nguyễn','','','',2,0,0,'',0,'In Profile + Tờ rơi A5',0,0,0,0,1564461682),(643,'Anh Trung','0901423529','Vt Optic Store','3400000',3,6690000,0,'1h30 chiều nay ghé',0,'in túi giấy 100 - 200 cái A5\n2,5tr: 100 cái\n200 cái: 3tr\nIn ấn Namecard',0,0,0,0,1564461965),(644,'','','quyennguyen@fixx24h.vn','',1,0,0,'',0,'In 5 quyển Profile',0,0,0,0,1564462357),(645,'N','','maitrang@avitaminusa.com','384000',6,730000,0,'',0,'In 40 bộ thiệp',0,0,0,0,1564462400),(646,'','','marketing.papaxot@gmail.com','',1,0,0,'',0,'In thiệp mời',0,0,0,0,1564462543),(647,'x','0906935097','lounhu@gmail.com','1,678,000',6,2950000,0,'',0,'in 100 cuốn Brochure 16 trang',0,0,0,0,1564462565),(648,'','','yen-ln@anbien.com.vn','',0,0,0,'',0,'In 30 cuốn hoá đơn',0,0,0,0,1564462648),(649,'Anh Trần Xuân Lộc','0915264684','','870000',6,1000000,0,'',0,'10 hộp x100k',0,0,0,0,1564462684),(650,'A khoa','0898342214','truongan13031989','',1,0,0,'',0,'50-100 cuốn A5, 60 TRANG',0,0,0,0,1564464565),(651,'Đức Hợp','','','',0,0,0,'',0,'in namecard',0,0,0,0,1564469534),(652,'Phạm Ngọc Quỳnh','','','',2,0,0,'',0,'In thiệp A5, 6,5k/bộ',0,0,0,0,1564474686),(653,'x','','locart99@gmail.com','',1,0,0,'',0,'',0,0,0,0,1564475940),(654,'C Trinh','','nvtrinh.ivy@gmail.','',2,0,0,'',0,'Giấy giống tạp chí, menu mang đi \nKích thước 21x15 60x21 gấp 4, 3 đường cấn ở giữa 200 tờ',0,0,0,0,1564478150),(655,'','','','',0,0,0,'',0,'in namecard 3 hộp',0,0,0,0,1564479142),(656,'Sen ngọc','','','100000',6,220000,0,'',0,'in voucher',0,0,0,0,1564490602),(657,'','','','',1,0,0,'',0,'',0,0,0,0,1564490639),(658,'Phúc in','','','720000',6,1450000,0,'',0,'In 300 tờ A3',0,0,0,0,1564496622),(659,'Thương Thương','thuongnt@intech','thuongnguyen120295@gmail.com','1725000',6,3112000,0,'',0,'In 50 cuốn Catalogue 20 trang\nStadee\nPP cán foam\n5 hộp card',0,0,0,0,1564496701),(660,'Như Thanh','0989437351','','1140000',6,1890000,0,'',0,'tờ gấp khổ A3, gập 3, in 2 mặt, sl 150 tờ + 6 hộp card',0,0,0,0,1564541460),(661,'x','','','',1,0,0,'',0,'HSNL bơi lội',0,0,0,0,1564543262),(662,'Luan To Van','','','860000',6,1200000,0,'',0,'In 10 cuốn HSNL',0,0,0,0,1564546485),(663,'','','kanettran@tnhetech.com','840000',6,2800000,0,'',0,'',0,0,0,0,1564557601),(664,'Trương Mai Anh','','anh.truong@alo360.com','1400000',3,1800000,0,'131 Trần Huy Liệu, p8, phú nhuận 034 9888540',0,'Thiệp sử dụng giấy couche 300gsm, gấp 2\nBao thư sử dụng giấy couche 250gsm, cán mờ\nSố lượng 150 bộ\nKích thước 15x15cm \nĐơn giá: 12.000 đồng/bộ. Thành tiền: 1.800.000 đồng',0,0,0,0,1564557805),(665,'Lưu Nương','','','',2,0,0,'',0,'Dạ em gửi chị báo giá như sau: \n100 cuốn a4, 16 trang, bìa c250 cán mờ, ruột c150 ko cán, đóng ghim\nĐơn giá: 25,000 đồng/cuốn. Thành tiền: 2.500.000 đồng\nBáo giá trên chưa bao gồm VAT 10%\nThời gian giao hàng: 1-2 ngày\n01. Bao thư lớn \n- In 1 màu \n- Giấy couche 120 gsm\n- Dán keo nắp 2 mặt Theo mẫu \n25 X 35 (cm)\n- Số lượng 2.000 cái\n- Đơn giá: 1.450 đồng/cái. Thành tiền: 2.900.000 đồng \n\n02. Bao thư trung \n- In 1 màu \n- Giấy couche 120 gsm\n- Dán keo nắp 2 mặt Theo mẫu \n16,5 X 23 (cm)\n- Số lượng 2.000 cái\n- Đơn giá: 1.150 đồng/cái. Thành tiền: 2.300.000 đồng \n\nBáo giá trên chưa bao gồm VAT 10%',0,0,0,0,1564560010),(666,'Kủ Kà Chua','0903188866','','7000000',3,15800000,0,'',0,'In sách',0,0,0,0,1564560311),(667,'x','0933964656','Đặt in Tạp Chí Số Trang: 60 Số cuốn: 100 Link tải: http://www.fsend.vn/download/k6Jzy0dLnqRWl8lrKxR1WUu2oru96ntd','',2,0,0,'Sơn tính giá vốn chừng 10tr. Báo 16tr chốt ngon ơ. \nlời là những đơn này chứ đâu',0,'100 ky yeu A4\n106 trang\ncần báo giá gấp',0,0,0,0,1564561814),(668,'x','','','100k',0,200000,0,'',0,'Thiết kế + in thiệp',0,0,0,0,1564561814),(669,'Yến Nhi','','','',2,0,0,'13tr bao gồm chụp hình + biên soạn + dịch thuật + in ấn 50 quyển',0,'-Tên: Nguyen Duy Hue\n-SDT: 0918651492\n-Email: nguyenduyhue2@gmail.com\nV/v:  Báo giá thiết kế và in profile Công ty 32 trang',0,0,0,0,1564566736),(670,'Hưng','','','500000',6,800000,0,'',0,'In 20 hộp namecard',0,0,0,0,1564566736),(671,'0938466364 Huyle','','','',3,1400000,0,'Sáng mai gọi lại',4,'ép kim nhủ vàng 50 hộp\nlh lại theo sđt\nIn trước 4 hộp',0,0,0,0,1564568047),(672,'','0798668292','','',2,0,0,'',0,'in sticker 60x70cm, in giấy 110k đục 2 lỗ',0,0,0,0,1564570205),(673,'Ha Khanh Nguyen','','','',2,0,0,'',0,'In 1 cuốn sách 200 trang, in màu',0,0,0,0,1564570798),(674,'Nguyễn Dương Khang','','','160000',6,164000,0,'',0,'Tên:  Nguyen Duong Khang\nEmail:khangkaka202@gmail.com\nSĐT  :0938862202\nNote :In Sticker 12 miếng, từ số 1 đến số 12. Nền trắng, số màu đỏ. Sticker hình tròn, đường kính 15 cm.',0,0,0,0,1564570798),(675,'x','','giang@unios.com','',1,0,0,'',0,'',0,0,0,0,1564573221),(676,'Ngọc Lý','','','',2,0,0,'In mẫu',0,'In ấn folder, ép kim\n500 cái: 8,400 đồng/cái\n1000 cái: 5,000 đồng/cái\n2000 cái: 4,000 đồng/cái\n5000 cái: 3,300 đồng/cái',0,0,0,0,1564581356),(677,'Thùy Duyên','','','',1,0,0,'',0,'In sách 61 trang A6 Bìa in màu, ,ruột in trắng đen',0,0,0,0,1564581508),(678,'Lê Thị Kim Ngân','0977454854 Ngân','','',3,0,0,'Khách nhờ in trước 1 hộp',0,'IN FOLDER + NAMECARD + BAO THƯ',0,0,0,0,1564581609),(679,'Chị Bắc','0708979998','bacnguyenlaw@gmail.com','3000000',3,14600000,0,'',0,'In 2000 cuốn sách 15x21, in màu \n48 trang\nBìa C300 + 150gsm, cán mờ Bìa\nPhay gáy',0,0,0,0,1564626656),(680,'Chị Ni','0961100246','Ni.ecolutionvn@gmail.com','',2,0,0,'',0,'Túi Giấy 25x25x13cm\n1000 cái \nGiấy Kraft 180gsm, quai giấy',0,0,0,0,1564631633),(681,'Newdoor','0907097989','hoangquan.13111994@gmail.com','',3,8000000,0,'In trước 5 cuốn',0,'in catalogue, 12 trang A4 ngang,\n500 cuốn: 14.000 đồng\n1000 cuốn: 8.000 đồng',0,0,0,0,1564633914),(682,'Nguyen Le Minh Trang','','trangnguyenleminh2004gmail.com','',2,0,0,'',0,'Dạ Giấy Bìa C300gsm + Ruột C150gsm, 172 trang\nSố lượng 10 cuốn. Đơn giá: 299,000 đồng/cuốn ạ\nThành tiền: 2,999,000 đồng \nBáo giá trên chưa bao gồm VAt 10%',0,0,0,0,1564641948),(683,'No\'s House','0775429882','','',6,1400000,0,'',0,'in 2000 tấm decal 5x5cm',0,0,0,0,1564644011),(684,'Anh Nam','0399153307','namdd98@gmail.com','',2,0,0,'',0,'In Tạp Chí 2 quyển 40 trang, A4 700k',0,0,0,0,1564644013),(685,'','','nguyentrangamy2004@gmail.com','',1,0,0,'3tr',0,'Thiết kế và in kỷ yếu',0,0,0,0,1564648983),(686,'No\'s house','','','1300000',6,1900000,0,'',0,'In 1000 tờ A4 1 mặt + 2000 sticker',0,0,0,0,1564674095),(687,'Đông Đăng Nam','','','600000',6,700000,0,'',0,'in kỷ yếu 1 cuốn',0,0,0,0,1564708176),(688,'Minh KHoa','Khoa. 091456650','','47.5tr',2,0,0,'',0,'Bìa giấy C300gsm + ruột giấy fo 80gsm \nIn 190 cuốn, 285 trang\nĐóng keno gáy\nĐơn giá: 250,000 đồng/cuốn ạ',0,0,0,0,1564714265),(689,'','0931472781','','270000',6,330000,0,'',0,'đã báo giá 4 hộp: 280k\nPhí thiết kế 50k (chưa báo)\nLấy trong ngày á',0,0,0,0,1564714386),(690,'Chị yến','0946528012','yen.dam@themanager.vn','8000000',0,58000000,0,'Đầu tuần khách mới có file in, bỏ bao nilong',0,'120 TRANG C100\nBÌA NATURAL250GSM\n2000 CUỐN \nKEO GÁY MAY CHỈ',0,0,0,0,1564716440),(691,'Chị Châu','0917640439','procurement2@thienquoc.vn','8,5tr',2,0,0,'- Số lượng: 150.000 tờ\n- Kt: 1 m x 2 m (loại giống CoopMart dùng hàng năm)\n- Chất liệu OPP30, dày 30 Mic\n- In ống đồng 2 màu 1 mặt và in 3 màu 1 mặt \nCắt thành phẩm',0,'42.5 cao x rộng 31.5cm x hông 11cm 500 cái Ngày 6 lấy hàng \nDây vải 2cm, ruy băng\nBáo 8.5tr lời 3tr',0,0,0,0,1564718890),(692,'Sen Ngọc','','','400000',6,800000,0,'',0,'voucher',0,0,0,0,1564734151),(693,'Chau nguyen','','','',6,200000,0,'',0,'In namecard',0,0,0,0,1564734174),(694,'Tên:  Đỗ Thanh Kế Email:dothanhke@gmail.com SĐT  :094313','','','',1,0,0,'',0,'Note :Xin báo giá in\nKhổ A5, 16 trang ruột Bãi Bằng 68, độ trắng 90, Bìa 4 màu cuche định lượng 180, đã thiết kế thành phẩm, dập ghim\nsố lượng: cuốn 1: 12.000 cuốn\n                cuốn 2: 4.000 cuôn',0,0,0,0,1564751194),(695,'Tên:  Đặng Minh Nguyệt Email:rosiedang1806@gmail.com SĐT  :0902720719 Note :- Kích thước 2 cm - vùng cần bế hình tròn theo thiết kế - Dán bao bì','','','',2,0,0,'',0,'',0,0,0,0,1564751232),(696,'','','nganltn@madao.vn','85000',3,200000,0,'',0,'in 2 hộp namecard',0,0,0,0,1564805830),(697,'Nhật Anh - donghothuysynet','0936 802 803','','300000',3,450000,0,'',0,'In 10 hộp',0,0,0,0,1564835786),(698,'Trần Văn Thuận','0937705062','','500000',6,700000,0,'184A Lê văn sỹ phường 10 quận phú nhuận',0,'In 13 hộp',0,0,0,0,1564835808),(699,'Lyn','0906793912','','500000',6,600000,0,'',0,'In Thiệp mời 30 bộ',0,0,0,0,1564835912),(700,'Anthonyle','','','450000',6,600000,0,'',0,'in 10 hộp voucher 200k',0,0,0,0,1564886598),(701,'x','','vietanh@7bridges.vn','',6,2000000,0,'',0,'In Standee',0,0,0,0,1564916977),(702,'x','0964989794','','',2,0,0,'',0,'In Tập trắng - 3000 cuốn 16x20 -100 trang',0,0,0,0,1564967774),(703,'Anan','','','2100000',2,6150000,0,'đợi kế toán duyệt chi phí cái là in thôi',0,'In Decal ngoài trời',0,0,0,0,1564969719),(704,'Techcombank','','','1,060,000',3,1820000,0,'',0,'In 4x13 tên namecard',0,0,0,0,1564973486),(705,'Tai Nguyen','','','430000',6,680000,0,'',0,'- Thiệp kích thước 10x10cm, in 2 mặt\n- Số lượng 1000 cái\n- Sử dụng giấy Couche 300gsm \n- Đơn giá: 680 đồng/cái. thành tiền: 680.000 đồng\nBáo giá trên chưa bao gồm VAT 10%',0,0,0,0,1564973794),(706,'Minh Nghĩa','','','',2,0,0,'',0,'In Sách',0,0,0,0,1564973802),(707,'Trường Sơn','','','',2,0,0,'',0,'in túi giấy 1000 cái',0,0,0,0,1564977558),(708,'Trợ Thính Hạnh Phúc','','','250000',6,400000,0,'',0,'In 10 hộp, cán bóng',0,0,0,0,1564977722),(709,'Ny Pham','','','200000',3,0,0,'chốt 500 card + 70 voucher\nPhí tk 100k',6,'Namecard: \n500 cái: 250,000 đồng\n1000 cái: 400,000 đồng\n50 Voucher chị in kích thước 10x20: 130,000 đồng',0,0,0,0,1564978018),(710,'Bích phương','','','400000',3,1160000,0,'',0,'10 hộp. Đơn giá: 1,010,000 đồng \nBao gồm ép kim logo 1 mặt',0,0,0,0,1564978073),(711,'Tường','','tuong.luongdac@jetstarpacific.com.vn - vinhbui02nov@gmail.com','20000',6,30000,0,'',0,'In test 4 tờ',0,0,0,0,1564978074),(712,'Anh Kiên','0844017131','','90000',6,100000,0,'',0,'In 50 sticker 50x50cm',0,0,0,0,1564987901),(713,'Nam Phi','','','300000',6,760000,0,'',0,'In 4 hộp giấy mỹ thuật, bế',0,0,0,0,1564990783),(714,'eaon malll','','','2000000',3,4000000,0,'',0,'in 100 cái bìa',0,0,0,0,1564990856),(715,'Lam Nguyen Mr','','lam.nguyen@alamqs.com','',1,0,0,'',0,'',0,0,0,0,1564990931),(716,'x','0862869055','','',1,0,0,'',0,'',0,0,0,0,1564992419),(717,'','02838626981','','',1,0,0,'',0,'Bìa Hồ sơ',0,0,0,0,1564993383),(718,'Chị Bắc','0708979998','bacnguyenlaw@gmail.com','1200000',3,0,0,'',0,'10.000 tờ A4 gấp 3: 4.300\n10,000 tờ 23x25cm gấp 3: 5,3tr',0,0,0,0,1564993454),(719,'','0967888007','','',2,0,0,'',0,'In sách 100 cuốn, 141 trang\ndai 22.8cm x rông 15.2cm\n200 -500 1000 cuốn\nRuột trắng đen',0,0,0,0,1564993538),(720,'Anh Cường','0908852471','','',1,0,0,'',0,'In Thiệp mời 140 bộ\nThôi nôi',0,0,0,0,1565000568),(721,'Chị Thanh','0909509699','','2000000',3,0,0,'Đợi gửi file qua mail',0,'In Tạp Chi 140 trang A4\n50 quyển 150k/quyển bìa dày + ruột mỏng',0,0,0,0,1565005560),(722,'Việt Anh','','vietanh@7bridges.vn','450000',6,600000,0,'',0,'1, Poster khổ A2, in pp, format 10mm x 3 tấm: 390.000 đồng \n2, A5 standees×16, print double-sided: 112.000 đồng',0,0,0,0,1565009253),(723,'','','quynhngabury94@gmail.com','',2,0,0,'',0,'Đặt in Thiệp Mời\nSố lượng: 50 cái\nKích thước: A5\nKèm Bao Thư: Có',0,0,0,0,1565047643),(724,'','','thanhtam062888@gmail.com','650000',6,1110000,0,'',0,'In 300 tờ',0,0,0,0,1565064815),(725,'Ms Nhung Công Ty Hải Minh','','','160000',6,260000,0,'',0,'In 20 bộ',0,0,0,0,1565065323),(726,'Anh Quốc','0946369218','','480,000',6,600000,0,'',0,'In Bao thư+ thiệp 150 bộ \n4.000 đồng/bộ: 600,000 đồng',0,0,0,0,1565067490),(727,'','','gianhu.nh@gmail.com','',2,260000,0,'',0,'In 1 cuốn 20\n trang',0,0,0,0,1565073435),(728,'Ken','','','',2,0,0,'',0,'- 1 cuốn 638 trang \n- Bìa Giấy Couche 300gsm, in màu\n- Ruột in giấy fo80gsm, in 1 màu đen\n- Kích thước A4\n- Số lượng 32 cuốn ( 2 loại)\n- Đơn giá: 220.000 đồng/cuốn',0,0,0,0,1565074588),(729,'x','0918059487','','',2,0,0,'',0,'in túi giấy màu đen 1000 cái n40xc30xhong 12\nÉp nhũ vàng',0,0,0,0,1565081761),(730,'Trung Hận','','','',3,0,0,'',0,'0907097989\n353 quốc lộ 13, Khu Phố 2, Phường Mỹ Phước, Bến cát, Bình Dương',0,0,0,0,1565146675),(731,'Jotran','','','',6,0,0,'',0,'in 3 hộp danh thiếp',0,0,0,0,1565161872),(732,'Hoang Nhung','','','',6,0,0,'',0,'In HSNL 10 cuốn',0,0,0,0,1565162585),(733,'Chị Diễm','0378554809','','',6,590000,0,'',0,'25 Đặng Thị Nhu, Quận 1, \nChị Diễm - 0378554809\nhình tròn 5cm',0,0,0,0,1565163099),(734,'daotri750931@gmail.com','','','',6,100000,0,'',0,'In1  hộp namecard',0,0,0,0,1565171066),(735,'Jane Nguyen-infinity','','','',6,810000,0,'',0,'In Namecard \n4 tên x 2 hộp\n1 tên x 1 hộp \nĐơn giá 90,000 đồng/hộp',0,0,0,0,1565190053),(736,'Ecopath Miền Nam Hằng','','','',6,1610000,0,'',0,'in 230 bộ thiệp',0,0,0,0,1565190063),(737,'Dũng','','','',6,100000,0,'',0,'In 1 hộp nameacard',0,0,0,0,1565191516),(738,'Như ý lê','','amipharm.sale@gmail.com','',6,1800000,0,'',0,'in 200 tờ A3 gấp 2',0,0,0,0,1565191629),(742,'Kim Anh','0789256161','kimanhvu96vt@gmail.com','',1,0,0,'',0,'Mình in giấy lụa, chữ ánh kim vàng giống mẫu link này https://unblast.com/perspective-thick-business-card-mockup/\nMình muốn in mẫu trước. Cho mình xin báo giá và thời gian in',0,0,0,0,1565274364),(743,'Nguyễn Thị Minh Châu','','','',6,0,0,'',2,'In Namecard',0,0,0,0,1565274425),(744,'Việt Anh','','hcmc@7bridges.vn','',6,250000,0,'',7,'In 15 sticker',0,0,0,0,1565275077),(745,'x','0908209179','','',3,0,0,'',4,'In Profile 100 trang 5 cuốn: 1.500 cuốn',0,0,0,0,1565313382),(746,'Ly - Phuong Ly','0852 375 345','','',1,0,0,'',0,'6 cuốn. 150-170 trang.',0,0,0,0,1565320718),(747,'Chị Trâm - Drolma','','letntram@gmail.com','',1,0,0,'',0,'- In 3 cuốn 1 bộ =>100 bộ',0,0,0,0,1565487468),(748,'','','inhtrinhich96@gmail.com','',2,0,0,'',4,'In Decal',0,0,0,0,1565487541),(749,'Chị Vân - Leo Decor','','vannguyen.leodecor@gmail.com','',2,0,0,'',0,'In Folder + Catalogue + namecard',0,0,0,0,1565490039),(750,'','','duyenhttd@gmail.com>','',1,0,0,'',0,'In Ticker',0,0,0,0,1565492107),(751,'','','','',1,0,0,'',0,'80 thiệp moi',0,0,0,0,1565572396),(752,'FB Kieu Oanh','','','',1,330000,0,'',0,'Thiết kế + in 4 hộp card',0,0,0,0,1565580898),(753,'','','marketing@mamxanh.com.vn','',3,0,0,'1. Số lượng: 50 thiệp\n2. Kích thước: theo khổ chuẩn hiện có của bên in ấn\n4. Thiết kế & nội dung: bên em sẽ gửi qua cho chị (dựa theo kích thước chị cung cấp)\n6. Thời gian giao thiệp: dự kiến 14.8.2019',2,'In Thiệp mời',0,0,0,0,1565592031),(754,'Kim Anh','0789256161','kimanhvu96vt@gmail.com','',1,0,0,'',0,'in decal giấy',0,0,0,0,1565668444),(755,'FB Ho Phuong','','','',1,700000,0,'báo 700k in + 100k design',0,'1000 decal giấy ngang 8.5 x cao 6cm',0,0,0,0,1565683246),(756,'Như','0346064085','tranhuynhngocnhu19197@gmail.com','',1,0,0,'',0,'Đặt in Thiệp Mời\nSố lượng: 200 cái\nKích thước: A4\nKèm Bao Thư: Có',0,0,0,0,1565683824),(757,'Chị Quỳnh - Diamond Star','KHÁCH CŨ','receptionist.hcm@diamondstar-financial.com','Head Office: 5F No.67 Dinh Bo Linh, Ward 26, Binh Thạnh Dist. HCMC  Tel: (08)3511 0124',3,700000,0,'- C300gsm \n- 7 tên x 1 hộp = 7 hôp\n- Kích thước 9x5.5cm',2,'in 7 tên x 1 hộp  = 700,000 đồng',0,0,0,0,1565698499),(758,'Cường Zom Blood','','','',6,0,0,'',1,'In 1 cuốn mỹ thuật A6 24 trang',0,0,0,0,1565747078),(759,'Chị Thanh','0909696637','maithanh201098@gmail.com','',2,0,0,'',0,'20 cuốn 20 trang',0,0,0,0,1565749372),(760,'KHÁCH CŨ','','caml@lightpathgroup.com','3tr',3,7500000,0,'',4,'200 cuốn A4',0,0,0,0,1565749756),(761,'Joy Nguyen - Cty A&E','','Joy.Nguyen@amefird.com.vn','',1,0,0,'Đã gửi mẫu cho khách',0,'In Thiệp khánh thành nhà máy',0,0,0,0,1565767031),(762,'','0826334848','','290k',3,290000,0,'cho in ghép với folder',4,'in Namecard 20 hộp: 240.000 đồng\nPhí thiết kế: 50.000 đồng',0,0,0,0,1565770810),(763,'Ken Nguyen','','KHÁCH HÔM QUA','',3,4500000,0,'',4,'In ấn folder 1000 cái',0,0,0,0,1565771369),(764,'','','','',1,100000,0,'',0,'Bìa cứng A4, 3-4 tấm, giấy C300gsm, cán foam 3 li: 100k',0,0,0,0,1565771864),(765,'Lê Trung','','KHÁCH 15 NGÀY TRƯỚC','4.8tr',3,17000000,0,'',4,'In Sách',0,0,0,0,1565773797),(766,'KHÁCH CÁCH ĐÂY 10 NGÀY','','manh8664@gmail.com','',1,0,0,'',0,'IN STICKER',0,0,0,0,1565774457),(767,'Chị Vy - Thanh Vy (Zalo','02839310215','','',3,350000,0,'',4,'In 3 hộp card +thiết kế 50k',0,0,0,0,1565775422),(768,'Chị Kiều','0798222980','huathanhkieu89@gmail.com- KHÁCH CŨ','602/51e, Phường 22, quận Bình Thạnh',6,1222000,0,'',4,'IN 33 FOLDER',0,0,0,0,1565780592),(769,'Chị Vy','','KHÁCH 15 NGÀY TRƯỚC','',3,0,0,'',0,'In 10000 tờ 72x102',0,0,0,0,1565799538),(770,'Phương - Tín Triển + Khải Nguyên','','KHÁCH 15 NGÀY TRƯỚC','',3,0,0,'',0,'In Namecard ép kim',0,0,0,0,1565803625),(771,'','','manh8664@gmail.com>','',2,0,0,'',0,'In Sticker',0,0,0,0,1565805114),(772,'Trần Văn Thực','0918604278','','',6,390000,0,'',4,'In Namecard 3 hộp + thiết kế',0,0,0,0,1565834568),(773,'Công ty tùng phát lộc','','','',1,0,0,'',0,'20 trang in màu\n180 trang in trắng đen \nBìa in màu \n1000 cuốn - 5000 cuốn - 20.000 cuốn \nA5\nEmail: tungphat83@gmail.com\nSDT: 0913265152\nAnh Tùng',0,0,0,0,1565842435),(774,'','0918060606','','',2,0,0,'Khách hẹn chạy qua xem mẫu',0,'In thiệp mời 20x10\n150x5700\n200x5000 đồng\n300 x 4500 đồng\nFo 180 + Ruột c250gsm',0,0,0,0,1565844683),(775,'','0329077296','','',6,850000,0,'',4,'In Ấn Namecard bồi 800gsm\n2\n Hộp x200 đồng/hộp =600,000 đồng \nPhí thiết kế: 50,000 đồng',0,0,0,0,1565844986),(776,'Doan Duc Dat','','','',3,88500000,0,'',4,'In Catalogue 98 trang - 5000 cuốn\nIn offset 4 màu 2 mặt\nBìa sử dụng giấy couche 250gsm + ruột C100gsm\nBìa cán mờ \nSố lượng 5000 cuốn\nĐóng keo, Đơn giá: 17.000 đồng/cuốn. Thành tiền: 85.000.000 đồng\nMay chỉ đóng keo 17.700 đồng/cuốn. Thành tiền: 88.500.000 đồng',0,0,0,0,1565845331),(777,'Phạm Hữu Đính','','','',2,0,0,'',0,'In Namecard giấy mỹ thuật + ép kim => Chủ nhật lấy',0,0,0,0,1565883531),(778,'Xuân Thuỷ','','','',6,150000,0,'',4,'In 1 hộp namecard',0,0,0,0,1565883548),(779,'Toni Bây bi','','','',6,264000,0,'',4,'In Sticker, decal giấy, cán màng bóng, 500 cái, Kích thươc 5x5cm',0,0,0,0,1565883881),(780,'Nguyễn Thành Hiệp','','','',3,0,0,'',4,'In 50 thiệp, giấy mỹ thuật, chỉnh lại file',0,0,0,0,1565884001),(781,'','','ngvkhong@gmail.com','',2,0,0,'',0,'',0,0,0,0,1565884271),(782,'','','','',6,200000,0,'',4,'IN 2 HỘP NAMECARD',0,0,0,0,1565924679),(783,'C Yến','','yen.dam@themanager.vn','',3,21000000,0,'19/6 mới có file, tỉnh uỷ\nCần file cho việc họp của TPhcm',4,'Khổ A4, cmatt 80-100\nC150gsm, matt\n80 trang 100 cuốn',0,0,0,0,1565929030),(784,'c hiên','0916597911','','',1,0,0,'',0,'in thiep mời',0,0,0,0,1565935474),(785,'x','0947466479','','',1,0,0,'',0,'15 trang A5, 50 quyển, in màu',0,0,0,0,1565936977),(786,'x','','nguyet.minh@amatovn.com','',3,100000,0,'',4,'in 1 hộp namecard',0,0,0,0,1565936977),(787,'No\'s House','0918735444','Anh Sơn','',3,4210000,0,'',4,'In Standee 2 cái, banner 2 cái, 1000 tờ rơi A4',0,0,0,0,1565936979),(788,'','','','',3,273000,0,'',4,'In Decal',0,0,0,0,1566023014),(789,'Anh Hạnh - Anh Hưng','0977201273','0905525338','',1,0,0,'',0,'Làm Kỷ Yếu - Làm Kỷ Yếu Công Chứng Viên\n50 cuốn - 52 trang \nCung cấp hình ảnh thôi, còn lại mình lo, em đã báo tổng in và thiết kế 15tr, ảnh hỏi có hỗ trợ giảm thêm được ko \nAnh xem xét thử lời đơn này được bao nhiêu nha',0,0,0,0,1566183993),(790,'Nhàn','','','',1,0,0,'',0,'Thiết kế- in ấn Profile',0,0,0,0,1566184188),(791,'Xuan Thao','','','',3,309000,0,'',4,'In Sticker',0,0,0,0,1566186871),(792,'Hoài Tân','','','',3,150000,0,'',4,'In Namecard',0,0,0,0,1566186888),(793,'Nguyen Hai Yen','','haiyennguyen199@gmail.com','',3,400000,0,'',4,'in namecard 10 hộp',0,0,0,0,1566187218),(794,'Thái Phan','','sb.phanquocthai@gmail.com','',1,0,0,'',0,'In Sách',0,0,0,0,1566187919),(795,'Võ Phượng','','vothi.phuong@phuongvycoffee.com','',1,0,0,'',0,'In Túi Giấy',0,0,0,0,1566187920),(796,'x','','trongnguyen@isledu.com','',3,0,0,'',4,'In Ấn Folder',0,0,0,0,1566187920),(797,'Chị Thuỷ','','thuypham@101eyewear.com','',3,25200000,0,'',4,'In Thẻ bảo hành',0,0,0,0,1566187924),(798,'x','','ngan.ntk@wefresh.vn','',3,3800000,0,'',4,'In 200 cuốn hợp đồng',0,0,0,0,1566190107),(799,'C Phụng','0937746808','','',1,0,0,'',0,'In Thiệp 100 thôi nôi',0,0,0,0,1566190108),(800,'Minh Nguyệt','','','',1,0,0,'',0,'in thiệp mời',0,0,0,0,1566193171),(801,'Thien Huynh','0933800008','thiennamminhplywood@gmail.com','',3,450000,0,'',4,'in namecarrd 10 hộp',0,0,0,0,1566193196),(802,'','','lnhungc9ntrai@gmail.com','',3,162000,0,'',4,'In Stiker',0,0,0,0,1566196400),(803,'FB Tran Khai Nguyen','','','',2,0,0,'',0,'In Sticker dán ly',0,0,0,0,1566200951),(804,'FB Lê Thị Huyền','','','',2,0,0,'',0,'Thiết kế lại & in 5 cuốn HSNL',0,0,0,0,1566201047),(805,'FB Thúy Uyên','','thuyuyen361@gmail.com','',3,100000,0,'',4,'TK & in 1 hộp card',0,0,0,0,1566201095),(806,'FB Quỳnh ANh','','quynhanh.vo@phuoc-partners.com','',3,5500000,0,'',4,'TK & in kỷ yếu 100 cuốn 24 trang',0,0,0,0,1566202286),(807,'','','','',1,0,0,'',0,'In Túi Giấy C35xn28xhong 11, xỏ dây thừng \nC35x n12xh10cm, xỏ dây thừng => 2000-5000 cái',0,0,0,0,1566213868),(808,'','0938875994','vannhuphung94@gmail.com','',3,4000000,0,'',4,'In Brochure 16 trang 9x13cm',0,0,0,0,1566220774),(809,'','','hp@thanhuynhphuong.com','',2,0,0,'',0,'In sách',0,0,0,0,1566221687),(810,'Mai Thy Lê','','','',1,0,0,'',0,'Hẹn chiều qua',0,0,0,0,1566266264),(811,'','','','',1,0,0,'',0,'In sticker in màu đen',0,0,0,0,1566272331),(812,'','0902728499','','',1,0,0,'',0,'',0,0,0,0,1566287960),(813,'Ms Diệu - IEV','','dieu@iev-group.com','',3,0,0,'',2,'Nhờ in gấp cho chị 1 hộp card nhé. Thông tin như như file đính kèm. Em chỉ thay mỗi chức vụ của Bạn. Nguyen Hoang Xem này thôi nhé. Thông tin còn lại không thay đổi nhé.\nChức vụ:  Project Coordinator\nIn xong gửi grap qua bên 40 Bà Huyện Thanh quan, Q.3, giúp chị nhé.\nBo 1 góc giúp chị nhé (có đính kèm mẫu)',0,0,0,0,1566290169),(814,'Chi Giang','0908929893','','',1,0,0,'',0,'in profile 50 cuốn chưa có thiết kế - song ngữ',0,0,0,0,1566292360),(815,'','','sophiele198866@yahoo.com','',2,0,0,'',0,'In Sticker + tag',0,0,0,0,1566349861),(816,'','','','',1,0,0,'',0,'Message Body:\nĐặt in Tạp Chí\nSố Trang: 60\nSố cuốn: 500\nLink tải: \n\nThông tin khách hàng:\nTên:  PHUONG TONG\nEmail:phuong.tong@hm.com\nSĐT  :0902786817\nNote :In 2 mặt. Sổ tay nhân viên. 531 cuốn==> 31188 trang.',0,0,0,0,1566349905),(817,'','','','',1,0,0,'',0,'Message Body:\nĐặt in Kỷ Yếu\nSố Trang: 40\nSố cuốn: 50\nLink tải: \n\nThông tin khách hàng:\nTên:  Phạm Ngọc Mỹ\nEmail:\nSĐT  :0917281857\nNote :Cần in 50 cuốn kỷ yếu, mỗi cuốn 40 trang / 50 trang (báo giá cả 2 phương án), khổ A4, Bìa C250, Ruột C150, keo gáy thành phẩm',0,0,0,0,1566349927),(818,'','','nqhv96@gmail.com','',3,0,0,'Khách báo lên demo để khách xem',4,'In Namecard',0,0,0,0,1566350162),(819,'x','','mm@redcorp.vn','',2,0,0,'',0,'Báo giá in ấn bao thư',0,0,0,0,1566352272),(820,'','0971853370','','',2,0,0,'',0,'in namecard:300k',0,0,0,0,1566357583),(821,'','','','',3,200000,0,'',4,'In namecard gấp: 100k',0,0,0,0,1566357643),(822,'C Tâm','9848597655','leminhtamdoor@gmail.com','',2,0,0,'Bà rịa vũng tàu',0,'In Namecard 5 tên x 2 hộp\n tờ rơi A5 500-1000\nIn Thiệp Cưới 500-1000 2 nội dung\na3 gấp 2, 500 tờ',0,0,0,0,1566359236),(823,'x','','','',3,4000000,0,'',4,'In profile 24 trang 40 cuốn x 80,000 đồng: 3.200.000 đồng',0,0,0,0,1566371333),(824,'','','TuyetTrinh.Bui@jadevisa.com.au','',3,0,0,'',4,'C300, 100 cái, folder 17k/cái',0,0,0,0,1566374815),(825,'','','nguyenbadung.hsb@gmail.com','',3,10000000,0,'',4,'In HSNL',0,0,0,0,1566435787),(826,'x','0903556139 - 09','vosidieu0982329505@gmail.com','',6,0,0,'',4,'In Thiệp mời 12x8cm, 150 bộ:135',0,0,0,0,1566435803),(827,'x','','TuyetTrinh.Bui@jadevisa.com.au','',3,1900000,0,'',4,'Thiết kế+ in 100 fodler',0,0,0,0,1566442187),(828,'FB Tran Khai Nguyen','','','',6,495000,0,'',4,'In 1000 decal 5x5cm',0,0,0,0,1566523106),(829,'','','','',1,0,0,'',0,'in Menu',0,0,0,0,1566782651),(830,'Quang Vinh','','info@tourbnb.net','',3,5000000,0,'Ngày 5/9 giao hàng',4,'In 1000 folder + 5 tên x 10 hộp => in offset',0,0,0,0,1567474369),(831,'FB Phuong Le','','','',3,0,0,'',4,'In ấn Sticker',0,0,0,0,1567481378),(832,'Nga Hoang','','ngaht.vitasco@bbgroup.com.vn','',3,32000000,0,'',4,'In ấn Tờ dán 5000 tờ',0,0,0,0,1567646383),(833,'Khang','','','',3,1800000,0,'',4,'In 3 cuốn Tít và Mít',0,0,0,0,1567646481),(834,'x','','vietanh@7bridges.vn','',3,1312000,0,'',4,'In PP + Standee',0,0,0,0,1567646482),(835,'Nguyen Hong IMC','','','',6,4515000,0,'',4,'Tổng của chị:\n5 Hộp Namecard\n350 sticker \n300 thiệp ép kim\n600 phiếu quyên góp\nLeaflet 400 tờ \nThư Ngỏ 320 tờ',0,0,0,0,1567647371),(836,'Chị Bắc','0708979998','bacnguyenlaw@gmail.com','',3,6500000,0,'',4,'10,000 tờ giấy 25x35cm giấy C200gsm',0,0,0,0,1567658963),(837,'','','nguyendung.tvcmediavn@gmail.com','',3,948000,0,'',4,'in 200 thiệp: 400,000 đồng\n400 sticker: 348000',0,0,0,0,1567659011),(838,'chị Hạnh','0937666854','','',1,0,0,'',0,'Kích thước 16X24, 500 cuốn, mỗi cuốn 100 trang. Đóng keo nhiệt',0,0,0,0,1567742288),(839,'','','dangnguyen1496@gmail.com','',2,0,0,'',0,'In 3 hộp namecard',0,0,0,0,1567996020),(840,'Zalo Huynh Nguyen','','','',3,0,0,'',4,'In Namecard',0,0,0,0,1568075819),(841,'Đình Thi','','','',3,0,0,'',4,'In 500 tờ rơi 2 loại\n300 thư mời\n60 Decal\n1 standee',0,0,0,0,1568075859),(842,'','','','',1,0,0,'',0,'300 thiệp 12x17cm',0,0,0,0,1568090447),(843,'','0815661666','','',2,0,0,'',0,'in catalogue',0,0,0,0,1568165259),(844,'Yuki Chan','','','',2,0,0,'',0,'In Namecard\n2 hộp\nMỹ thuật loại trắng tinh',0,0,0,0,1568165569),(845,'','','thaontp@kthcm.edu.vn','',2,0,0,'Khách yêu cầu thanh toán khi nhận hàng',0,'In Ấn Sổ tay',0,0,0,0,1568165726),(846,'x','','','',1,0,0,'',0,'in 5000-10000 túi',0,0,0,0,1568167107),(847,'','','','',1,0,0,'',0,'in thiệp sinh nhật 50-100 cái',0,0,0,0,1568170215),(848,'Vũ Lê','','','',2,0,0,'',0,'in decal',0,0,0,0,1568172652),(849,'Thư Trần','','','',1,0,0,'',0,'In 40 cái folder',0,0,0,0,1568172666),(850,'','','dangthuydunglilama18@gmail.com','',2,0,0,'',0,'IN TÚI',0,0,0,0,1568249791),(851,'bảo ngọc','0767585884','tb.ngoc@abcbakery.co','',1,0,0,'Khách này báo đã làm việc với bên mình rồi, update lại status và tiến độ dùm',0,'In thiệp khai trương kích thước 10x20cm\nThiết kế theo mẫu bên mình đưa ra\nBáo giá gấp giùm mình',0,0,0,0,1568251067),(852,'Vy','0786612998','thanhvy311297@gmail.com','',2,0,0,'450k',0,'Note :Tôi cần in 500 thiệp cảm ơn, kích thước rộng 10cm x cao 8cm , loại Giấy Couche. Tôi muốn xin thông tin giá trước, file in đang trong quá trình thiết kế.',0,0,0,0,1568251294),(853,'Bùi Thị Thanh Hiền','0393209309','hienbuikt98@gmail.com','',2,0,0,'Tk: 4tr8\nin: 6tr5',0,'Báo giá khi in hồ sơ năng lực cho công ty.\nChưa có file thiết kế. cần báo giá tk luôn\n36 trang 100 cuốn',0,0,0,0,1568251474),(854,'Nguyễn Huỳnh Nguyên Thuận','09 11 99 66 27','nguyenthuan.nhnt@gmail.com','',2,0,0,'Sơn đã báo\n500 decal 9x5 => 450k\n300 tờ rơi 20x16 => 500k',0,'báo giá decal giấy size 9*5 và tờ rơi giấy (loại rẻ nhất-phù hợp nhất) size 20*16 GẤP!!!',0,0,0,0,1568251925),(855,'','','','',1,0,0,'',0,'In Plashcard, 9 miếng 1 bộ 8.5x5cm 500 - 700 bộ',0,0,0,0,1568253453),(856,'Chị Trang','0989228697','Zalo Vienchenal','',2,0,0,'Muốn giảm giá thêm phần túi + hộp\nPhần bao thư tính lại giá => vì mấy chữ là ép kim chứ ko phải in',0,'Túi cao 21xngang 21x11cm \nGiấy C300gsm \nBế dán, đục lỗ xỏ quai\nIn offset 1 màu đỏ\nÉp kim chữ yến sào thiên nhiên \nĐơn giá: 13.000 đồng/cái   => 500 cái = 6.500.000\nHộp Kích thước 18x18x10.2\nIn 1 màu đỏ, bồi carton 3 li\nÉp kim logo Kích thước 17x3.6cm \nĐơn giá: 17.500 đồng/hộp. Thành tiền: 8.750.000 đồng\n500 bao thư kt 25x35cm giấy fo 150gsm: 2.000.000 đồng',0,0,0,0,1568272243),(857,'UPR','','quynh.ltn@upr-net.co.jp','',6,0,0,'',4,'In 6 hộp namecard',0,0,0,0,1568333850),(858,'Đông Sài Gòn','','voquyet.dongsaigon@gmail.com','',3,0,0,'',4,'In 200 folder',0,0,0,0,1568334318),(859,'Phan Thanh Tan','','','',6,0,0,'',4,'In 2000 cái',0,0,0,0,1568334403),(860,'','','ngvkhong@gmail.com','',6,0,0,'',4,'IMC 8500 x 120 cái',0,0,0,0,1568334560),(861,'','','lounhu@gmail.com','',2,0,0,'',0,'in 5 hộp card + 100 cuốn catalogue',0,0,0,0,1568336191),(862,'x','','','',1,0,0,'',0,'In Sticker',0,0,0,0,1568337842),(863,'','','','',1,0,0,'',0,'In namecard',0,0,0,0,1568600790),(864,'Chinh','0899488288','mega.chinhnguyen@gmail.com','',6,0,0,'1tr2. chốt',1,'Đặt in Catalogue\nSố Trang: 20\nSố cuốn: 20',0,0,0,0,1568600928),(865,'N P Hưng','0977151309','','',6,0,0,'11-12h ghé lấy',4,'in 1 hộp lấy liền',0,0,0,0,1568602078),(866,'Ngọc Anh','','','',3,0,0,'',4,'in 1 hộp lấy liền',0,0,0,0,1568602282),(867,'','0904761727','CÔNG TY TRUNG GIAN','',1,0,0,'',0,'In 5000 cuốn',0,0,0,0,1568610612),(868,'','0857430195','','',2,0,0,'Báo: 4.500.000 đồng',0,'Kỷ Yếu Nội Bộ 52 trang A4\n50 cuốn',0,0,0,0,1568617591),(869,'chị Dung','','','',3,0,0,'báo 550k ok làm. Đã cọc 300k',2,'in 3 tên x 2 hộp + thiết kế',0,0,0,0,1568618643),(870,'anh Trường','0985511611','','',6,0,0,'150k',1,'in 1 hộp như card mẫu',0,0,0,0,1568623233),(871,'Nhien Lam, Thuy','0907006071','0975 230 339 Nhiên - 168B Bùi thị Xuân, Phạm Ngũ lão quận 1','',3,3200000,0,'',4,'In thiệp sự kiên 320 thiệp',0,0,0,0,1568684821),(872,'Chinhuagiare','','Đặng Anh Tuấn Founder 09 7799 3579 www.bachkhoapvc.com showroom : 41 Lê Lai, P3, Gò Vấp, HCM','',3,300000,0,'',4,'in 5 hộp namecard',0,0,0,0,1568702953),(873,'Vo Duong My Huong','','','',3,800000,0,'',4,'in 40 bộ thiệp',0,0,0,0,1568704196),(874,'Mango','','','',3,3220000,0,'',4,'In 200 folder + 6 hộp namecard',0,0,0,0,1568704225),(875,'IMC','','','',3,0,0,'',4,'In Folder + Thiếp +Leaflet+Tờ rơi+Phiếu',0,0,0,0,1568704412),(876,'Thành (Thanh Ha)','0903192898 e','thanh.ha@elements.vn','',3,1500000,0,'',4,'In thiệp + Menu',0,0,0,0,1568704472),(877,'Jessica Huỳnh','Huỳnh Thị Tường','marketing@billionascent.com','',6,3200000,0,'BILLION ASCENT VIET NAM INDUSTRIAL COMPANY LIMITED',4,'In ẤnThiết kế Folder 300 cái',0,0,0,0,1568705393),(878,'Tengai - Phan Nhat Thuy','','','',6,1950000,0,'',4,'In Thiệp cưới',0,0,0,0,1568705893),(879,'Huyen Nguyen','','','',1,0,0,'',0,'7 loại mỗi loại in 10 cuốn, in dạng hoá đơn',0,0,0,0,1568707142),(880,'','','thanhvy311297@gmail.com','',6,780000,0,'',4,'In 200 thiệp cảm ơn',0,0,0,0,1568707394),(881,'C Dung','','nguyenthihoangdung@hskv.com.vn','',6,280000,0,'',4,'In Namecard 3 hộp',0,0,0,0,1568708238),(882,'Hồ Hoàng Vũ','','','',1,0,0,'',0,'',0,0,0,0,1568709846),(883,'Anh Chánh','','chanhtm2@tncgroup.com.vn','',6,4840000,0,'',4,'In Thiệp mời',0,0,0,0,1568727050),(884,'ANH','0938148828','','',2,0,0,'',0,'in ofset giấy Kraft \nGiấy gói quà \nGiấy Kraft 80gsm trắng\nSố lượng 200 tờ: 1,5,00,000 đồng \nSố lượng 500 tờ: 2,000,000 đồng\nSố lượng 1000 tờ: 2,300,000 đồng',0,0,0,0,1568770153),(885,'Chị tiên','','iristhuytien94@gmail.com','',6,2600000,0,'',4,'In Bao thư 2000 cái',0,0,0,0,1568770182),(886,'','','','',1,0,0,'',0,'2000 túi giấy mỗi loại 18x15x8 + 200 cuốn hoá đơn A5\n25x18x8',0,0,0,0,1568775326),(887,'Trust','','','',3,1250000,0,'',4,'- Sử dụng giấy K02 250gsm\n- Bế theo yêu cầu\n- Kích thước 28x15cm \n- Sticker tròn đường kính 2cm \n- Số lượng 300 thiệp',0,0,0,0,1568776243),(888,'','0909588674','','',6,300000,0,'',4,'In 50 tờ A4',0,0,0,0,1568792122),(889,'','','','',1,0,0,'',0,'In thiệp mời sự kiện 30 cái',0,0,0,0,1568793630),(890,'','','trongtoan.luong95@gmail.com','',6,210000,0,'',0,'in standee + chân x tốt 0,6x1.6',0,0,0,0,1568823429),(891,'Nguyễn Trung Anh','0919690283','nguyentrunganh248@gmail.com','',1,0,0,'',0,'Trắng đen + 2 màu \nbìa 4 màu \n250 trang A5, 200 cuốn',0,0,0,0,1568876618),(892,'','','','',1,0,0,'',0,'48 trang 5 cuốn',0,0,0,0,1568878303),(893,'Anh Thực','0961831573','thuchc@lcfoods.vn','',6,8800000,0,'',4,'In 40,000 decal giấy',0,0,0,0,1569224259),(894,'Chị Lý','0778858456','hoaly.dau@metub.net','',2,0,0,'',0,'26x16x9cm\nTúi Đứng In logo 50 cái',0,0,0,0,1569224646),(895,'','','','',2,0,0,'chê giá cao',4,'In Namecardx9 hộp',0,0,0,0,1569229940),(896,'','','voquyet.dongsaigon@gmail.com','',3,2800000,0,'',4,'In 200 folder',0,0,0,0,1569307873),(897,'','','hao.tran@paulsadlerswimland.com','',6,3260000,0,'',4,'In Ấn Chứng nhận',0,0,0,0,1569309188),(898,'','','','',1,5300000,0,'',0,'',0,0,0,0,1569309726),(899,'Jessica Huỳnh','','marketing@billionascent.com','',6,1600000,0,'',4,'In 400 tờ A4',0,0,0,0,1569309905),(900,'x','0917200639','','',3,0,0,'',4,'In Folder + namecard 1000 cái',0,0,0,0,1569317598),(901,'NGUYEN THI HONG HIEP','','','',3,1260000,0,'',4,'',0,0,0,630000,1569375553),(902,'Nguyen Nhu Y','+ 090 869 40 42','nguyenlamtramanh49@gmail.com','',6,1000000,0,'',4,'In Thiệp Mời',0,0,0,700000,1569507300),(903,'Kim Hoàng','','','',6,3150000,0,'',4,'In Folder 300 cái',0,0,0,1733000,1569507577),(904,'Nguyễn Tuấn Khải','','','',3,2450000,0,'',4,'Cuốn 116 trang kích thước 16.8 x 25.7\nGiấy bìa C300, ruột C150\nĐóng keo nhiệt gáy\nIn màu 2 mặt \nIn 10 cuốn',0,0,0,1200000,1569507614),(905,'','','','',2,0,0,'',0,'Cực phẩm gia linh',0,0,0,0,1569549708),(906,'','','','',1,0,0,'',0,'Thiệp 25x21 gấp 2\nBao thư: 13.5x22cm',0,0,0,0,1569551599),(907,'','0976811644','','',1,0,0,'Báo 1tr3',0,'200 tờ A3, cấn 2 đường',0,0,0,0,1569829740),(908,'Chị Trâm','0945825533','','',1,0,0,'',0,'Mai hoặc mốt sẽ phản hồi lại',0,0,0,0,1569832724),(909,'x','','thuy.tran@v-sixtyfour.com','',6,240000,0,'',4,'In 3 hộp namecard',0,0,0,0,1569834790),(910,'','0977114577','','',2,0,0,'Khách yêu cầu trao đổi trực tiếp, đã bao giá 12 trang 3tr phí thiết kế, khách ở quận 9 => ko tiềm năng',0,'In Profile + Namecard',0,0,0,0,1569893331),(911,'Anh Bảo','0911807684','bao.ho.e@citygroupvietnam.com - hothebao2612@gmail.com','',2,0,0,'',0,'Thiết kế 50 trang - 1000 - 5000 cuốn Bất động sản novaland vingroup',0,0,0,0,1569898878),(912,'C Trâm','+84 77 631 8466','tram.nguyen@districteight.com','',3,0,0,'',4,'In Ấn Namecard giấy mỹ thuật ép kim => in mẫu',0,0,0,0,1569902269),(913,'Bảo Trang (FB(','','','',2,0,0,'',0,'In Sticker 200 cái khoảng 3,2 x 1cm',0,0,0,0,1569902325),(914,'Zalo Vera (Khách hàng cũ)','','Email chị : Nguyenlamtramanh49@gmail.com  Em Cc giúp chị qua email sau:  Pandora@thekshoppingtv.com.vn','',2,0,0,'',0,'In Ấn Brochure',0,0,0,0,1569903206),(915,'C Hà','0909545269','ha.luong2511@gmail.com','',2,0,0,'',0,'Note :Ruột: giấy natural/econo trắng 250, KT 17*11cm\nBao thư: ford 80 trắng, KT 18*12 cm, có bản đồ',0,0,0,0,1569907403),(916,'Tra Dang Thanh (FB) KH Cũ','','tra@gme-chemicals.com','',3,1900000,0,'',4,'In 100 folder',0,0,0,0,1569910005),(917,'Phạm Ngọc Mai Trang','','','',2,0,0,'',0,'In Sticker trong',0,0,0,0,1569915416),(918,'Quynh Anh Nguyen','','','',2,0,0,'',0,'In 1 hộp lấy liền',0,0,0,0,1569915423),(919,'phandi','0934061608','','',3,0,0,'',4,'30x22x7cm Hộp + Túi đựng vừa hộp',0,0,0,0,1569918545),(920,'Chị Trâm  (Khách đã hỏi mấy hôm trước)','0945825533','','',6,0,0,'',4,'In 100 cuốn 10 trang',0,0,0,0,1569918966),(921,'','0968062439','','',1,0,0,'',0,'In Túi giấy + thiệp 20/10',0,0,0,0,1569920163),(922,'Phương Anh','','','',2,0,0,'',0,'Chị báo giá em hai mẫu ạ\nIn giấy C200, cán màng \nsố lượng: 1500 cái \nIn màu \nGiấy nền trắng \nMẫu 1: in hai mặt, 1 mặt hình, một mặt sau là chữ\n1 postcard hình vuông kích thước: Khổ A6 dọc\n\n\nIn giấy C200, cán màng \nsố lượng: 1500\nIn màu \nMẫu 2: Bộ postcard - 1500 bộ \nLoại 1: 3 tấm hình khổ A6 dọc in màu 2 mặt, 1 tấm thiệp khổ A6 dọc (1 mặt màu, 1 mặt chữ) và 1 bao thư bao 4 tấm trên. Ngoài bao bì thư có logo nhỏ và chữ đỏ, nền trắng.\n\nLoại 2: 1 tấm thiệp khổ A6 ngang 1 mặt in hình, mặt sau có chữ, có bao bì \nSố lượng 1500 cái\n\nin Túi Giấy 4. túi giấy ngang kích thước (ngang x cao x rộng đáy) 38x30x10 cm, Đục lỗ xỏ quai, giấy C250 - C300 cán màng - 1500 cái\nĐơn giá: 10.000 đồng/cái. Thành tiền: 15.000.000 đồng',0,0,0,0,1569920209),(923,'Anh Nam','0907990180','nam.ttvads@gmail.com','',6,5180000,0,'',4,'Thiệp mời : Giấy mỹ thuật, in 2 mặt  kt: 10cm x 20cm\nBao Thư : Giấy Mỹ Thuật , in 2 mặt ngoài  12cm x 22cm\nin 600 cái nha',0,0,0,0,1569922932),(924,'x','','','',0,0,0,'đòi quẹt thẻ => ko có',4,'In Namecard 2-3 hộp',0,0,0,0,1569924246),(925,'Phương Thảo','','','',1,0,0,'',0,'Thiết kế catalogue + in ấn',0,0,0,0,1569933996),(926,'Ngô Xuân Bảo Trung','','','',2,0,0,'',0,'In Ấn Profile 20 trang 50 cuốn',0,0,0,0,1569934199),(927,'Jessica Huynh(kh cũ','','','',6,880000,0,'',4,'In 200 tờ A4 giấy C250gsm',0,0,0,0,1569979270),(928,'c trâm (Trâm Hồ)','0933930246','hobichtram1987@gmail.com','',6,350000,0,'',4,'In namecard lấy gấp trong ngày 5 hộp',0,0,0,0,1569979515),(929,'Nguyen Thanh Van','','','',3,150000,0,'',4,'In 1 hộp namecard',0,0,0,0,1569979566),(930,'x','','danhpn@gonsa.com.vn','',3,350000,0,'',4,'In Namecard',0,0,0,0,1569979609),(931,'','0904932031','','',1,0,0,'Khách đang trong thời  gian thiết kế',0,'In Thiệp',0,0,0,0,1569979859),(932,'Tuyền','0914317679','iflydaotao@gmail.com','',2,0,0,'',0,'in sách 600 cuốn\n6 file: 1 file 100 cuốn 150 trang A4',0,0,0,0,1569982214),(933,'Long','','','',6,210000,0,'',4,'In thiệp 60 bộ',0,0,0,0,1569982586),(934,'Chị Dung Hsk (KH cũ)','','nguyenthihoangdung@hskv.com.vn','',6,1080000,0,'',4,'in 11 hộp card',0,0,0,0,1569982979),(935,'Chị Ngân - bibi','','','',0,2200000,0,'',0,'In 100 cuốn hợp đồng',0,0,0,0,1569986963),(936,'vân anh','0357573617','vuvananh.cli2per@gmail.com','',1,0,0,'',0,'Cho em xin báo giá cho việc in cuốn Brochure với nội dung sau\nSố lượng: 1500\nKT: Bìa: 35,5x24,5 cm\nRuột: 35x24 cm\n\nBìa: 1 màu pha Giấy Koehler linen 500 (K09).185. Bồi ván MDF.\nLót bìa: 8 trang x 4 màu. Giấy Natural (N04).200\nRuột: 76 trang x 4 màu. Giấy Natural (N04).200\n\nThành phẩm: Ép kim 3 vị trí logo tại Bìa 1, Bìa 4 và 1 trong trang ruột. Bìa bồi ván MDF. Ruột khâu chỉ, dán keo gáy, xén thành phẩm. Bồi ruột vào bìa có sử dụng dây ngăn, vỉ viền.',0,0,0,0,1569988374),(937,'vanthanhho','','vanthanhho0505@gmail.com','',2,0,0,'Khách hỏi có chiết khấu thêm không? => trả lời ko',0,'In tạp chí',0,0,0,0,1569989139),(938,'Chị Ngân - bibi kh cũ','','ngan.ntk@wefresh.vn','',6,3800000,0,'',4,'In 200 cuốn hợp đồng',0,0,0,0,1569990417),(939,'','0968525009','','',2,0,0,'Khách xem xét thêm',0,'In catalogue 3 cuốn - 1.200.000 đồng 8 trang cả bìa\nA4 đóng kim giấy dày',0,0,0,0,1569997949),(940,'Joy (KH liên hệ mấy ngày trướ)','','bangtrinhad@gmail.com','',3,0,0,'đợi khách chốt filenal rồi in mẫu',4,'Hôm bữa chị báo giá em in thiệp với\nKích thước: Ruột 12.5x21, cấn 1 đường giữa\n                    Bao thư 13.5x22 cm\nIn giấy Mỹ Thuật \n- Thiệp mời sử dụng giấy Dali white 240gsm \n- Bao thư sử dụng giấy fo/couche 250gsm\n- Ép Kim phần chữ trong thiệp \n- Đơn giá: 14,000 đồng/bộ. Thành tiền: 3.500.000 đồng',0,0,0,0,1569999626),(941,'','0902035053','giaiphapxanh.mt@gmail.com','',3,630000,0,'Đợi khách gửi file',4,'9 hộp ( 3 tên )',0,0,0,0,1569999715),(942,'Đào Thị Tố Nga','','','',3,667000,0,'',4,'In sticker',0,0,0,0,1570004443),(943,'Thuy Nguyen','','vietdangdental.hcm@gmail.com','',3,5300000,0,'IN MẪU',4,'In 1000 bộ thiệp',0,0,0,0,1570004492),(944,'trần hiếu bảo yến (KH CŨ)','','','',3,700000,0,'',4,'In letter head 500 tờ',0,0,0,0,1570010249),(945,'Ami (KH Cũ','','','',3,5350000,0,'',4,'In Sổ tay + bộ card',0,0,0,0,1570011902),(946,'Chị Vi','0976656107','phamthithuyvi1996@gmail.com','',2,0,0,'',0,'In sách 3000 cuốn 188 trang in màu, cán mờ 230gsm + 70gsm fo 19x26cm 1000',0,0,0,0,1570067937),(947,'Như Ý Lê (KH CŨ)','','amipharm.sale@gmail.com','',3,1500000,0,'',4,'In Hộp 100 cái',0,0,0,0,1570069089),(948,'Nguyễn Nhi','','nhinguyen.wakamono@gmail.com','',1,0,0,'',0,'In túi giấy Kraft',0,0,0,0,1570069834),(949,'KH Cũ','','Thu.T.Le@cushwake.com','',6,200000,0,'',4,'In Namecard 4 hộp',0,0,0,0,1570071506),(950,'Chị Hà (KH liên hệ mấy ngày trước)','0909545269','ha.luong2511@gmail.com','',3,3220000,0,'',4,'In Thiệp cưới 600 bộ',0,0,0,0,1570072427),(951,'Vương Trần Minh Trang','','','',3,1700000,0,'Chiều khách mang mẫu qua để thiết kế',4,'in thiệp mời 100 bộ A5',0,0,0,0,1570072604),(952,'C HỒNG (KH Cũ)\\','','ngvkhong@gmail.com','',6,1500000,0,'62 TRẦN QUANG KHẢI',4,'IN 3000 TỜ A5',0,0,0,0,1570074204),(953,'KH CŨ','0961831573','','',1,0,0,'',0,'In catalogue',0,0,0,0,1570074683),(954,'Nguyễn Thuỵ Tố Uyên','0906996','','',6,700000,0,'',4,'In thiệp cưới gấp 50 bộ',0,0,0,0,1570075265),(955,'','','0899488288','',1,0,0,'',0,'báo giá 1000 hộp 17x18x14',0,0,0,0,1570076975),(956,'Chị Trường','','Gửi mẫu giấy cho khách','',1,0,0,'286 Thành Công, Tân Thành Tân phú 0908119458',0,'in namecard 15 hộp 11-12 tên',0,0,0,0,1570091208),(957,'Dương Quỳnh (Khách hàng đã liên hệ trước đó)','','','',3,1100000,0,'',4,'in 1000 thiệp',0,0,0,0,1570091601),(958,'x','0931234586','','',0,0,0,'',0,'in voucher nhưng khách đã tìm được chỗ khác do H ko kịp nghe điện thoại',0,0,0,0,1570091773),(959,'Tu Tan Nguyen','','','',0,0,0,'',0,'in namecard => đã tìm được chỗ in',0,0,0,0,1570092036),(960,'Nguyen Văn Tien','','','',2,0,0,'',0,'In namecard',0,0,0,0,1570092058),(961,'Hồng Nguyễn','','','',6,910000,0,'',4,'In thiệp',0,0,0,0,1570092058),(962,'kynny Nguyen','','','',3,330000,0,'',4,'In Namecard giấy mỹ thuật',0,0,0,0,1570092061),(963,'Anthony','','','',6,400000,0,'',4,'',0,0,0,0,1570092062),(964,'','','christen@h2ologistics.vn','',2,0,0,'',0,'in 1 hộp card',0,0,0,0,1570158104),(965,'','0942680838','','',2,0,0,'2,3tr',0,'3 cuốn sách 576 trang- 458 trang - 100 trang',0,0,0,0,1570158335),(966,'DUNG NGUYEN','02862708881','','',2,0,0,'',0,'IN DANH THIẾP 10 HỘP',0,0,0,0,1570159869),(967,'Dang Nguyen Hong Phuc','0907911967','','',1,0,0,'',0,'In Kỷ Yếu',0,0,0,0,1570161620),(968,'Thucden','','','',1,3700000,0,'',0,'In 200 cuốn 12 trang',0,0,0,0,1570163655),(969,'','','','',1,0,0,'',0,'in 50-100 quyển 40 trang A4',0,0,0,0,1570173407),(970,'Vyvi','','','',6,220000,0,'',0,'in 3 hộp',0,0,0,0,1570176457),(971,'Ho Thu Hang','','','',3,2700000,0,'Sáng t2 giao hàng',4,'in 1000 tờ( 2 loại 1 mặt',0,0,0,0,1570179502),(972,'','','','',1,0,0,'',0,'In Thiệp mời sự kiện',0,0,0,0,1570182948),(973,'','0903680077','','',1,0,0,'',0,'In 20 hộp card báo 15k/ hộp => in ghép',0,0,0,0,1570184466),(974,'','','','',3,5500000,0,'',4,'In 20000 decal',0,0,0,0,1570346049),(975,'x','','putintin123567@gmail.com','',3,450000,0,'',4,'In Sticker nhựa',0,0,0,0,1570346653),(976,'','0902873111','hcmc@7bridges.vn','',6,1350000,0,'',4,'',0,0,0,0,1570346728),(977,'LIÊN','','','',2,0,0,'',0,'IN TÚI GIẤY',0,0,0,0,1570348163),(978,'Thanh Nhi','','','',3,495000,0,'',4,'In Sticker',0,0,0,0,1570348435),(979,'Quang Luan','','','',3,841000,0,'',4,'In Sticker',0,0,0,0,1570349409),(980,'Trâm Anh','','','',3,231000,0,'',4,'In Thiệp cám ơn + Sticker',0,0,0,0,1570408315),(981,'','','','',1,0,0,'',0,'In 200 thiệp lấy liền',0,0,0,0,1570410874),(982,'Lê Hiền','','','',6,1800000,0,'',4,'In 15 cuốn',0,0,0,0,1570411536),(983,'Lề Hiền','','','',6,1380000,0,'',4,'600 tờ A4',0,0,0,0,1570411562),(984,'Jane','0902873111','mint.spa.dn@gmail.com','',3,8660000,0,'',4,'Thiệp khai trương, voucher, namecard, Túi giấy',0,0,0,0,1570412592),(985,'x','0904892711','','',3,1950000,0,'',4,'in thiệp gấp',0,0,0,0,1570413463),(986,'Anh Trọng','0948111555','','',3,1400000,0,'',4,'Khách hàng cũ',0,0,0,0,1570414553),(987,'','02862723231','','',2,0,0,'',0,'In namecard 50 hộp 1 tên báo 30k/hộp',0,0,0,0,1570419388),(988,'','','linhhin66@gmail.com>','',1,0,0,'',0,'In Túi',0,0,0,0,1570421207),(989,'','0379561441','','',0,0,0,'',0,'in thiệp thôi nôi 30 bộ báo 15k',0,0,0,0,1570421388),(990,'','','lethitieunhi91@gmail.com','',3,0,0,'',4,'In tờ gấp 3',0,0,0,0,1570425161),(991,'x','','','',3,500000,0,'In 30 hộp card',4,'Họ Tên Người nộp tiền: Nguyễn Anh Tuấn\nVinhome Golder River – 2 Tôn Đức Thắng – Aqua 1\n0853134148',0,0,0,0,1570425276),(992,'','0968416900','','',1,0,0,'',0,'in sách giáo khoa',0,0,0,0,1570431497),(993,'Hồ Thị Diệu Thuý','','','',3,150000,0,'',4,'In 1 hộp',0,0,0,0,1570432583),(994,'c trà','0934059698','','',1,0,0,'',0,'40x25x10, túi c300gsm',0,0,0,0,1570435073),(995,'','0777810616','','',1,0,0,'',0,'',0,0,0,0,1570435088),(996,'Mai Phương','','','',1,0,0,'',0,'650 cuốn lịch Bloc',0,0,0,0,1570443330),(997,'','0974032239','','',1,0,0,'',0,'In catalogue giới thiệu sản phẩm nhôm kính 3-4 trang',0,0,0,0,1570443596),(998,'Ng Đức Thọ','','','',1,0,0,'',0,'hộp khoảng 14x22x7cm 40 cái',0,0,0,0,1570443832),(999,'','','ngocpharma1607@gmail.com','',3,100000,0,'',4,'In Thiệp',0,0,0,0,1570453582),(1000,'','','lethuu707@gmail.com','',3,200000,0,'',4,'In Namecard 2 hộp',0,0,0,0,1570455781),(1001,'x','','namson1091@gmail.com','',2,0,0,'',0,'Note :Tôi cần báo giá in 2000 cuốn Catalogue, 112 trang/cuốn (cả bìa).\nKhổ: 210x210mm, bìa Couche 250gsm + ruột Couche 120gsm',0,0,0,0,1570457145),(1002,'','0906453482','','',1,0,0,'',0,'in 2 hộp namecard',0,0,0,0,1570495938),(1003,'Cô In Bìa','','','',3,0,0,'',4,'In 1500 cuốn sổ bìa còng',0,0,0,0,1570496012),(1004,'','','','',1,0,0,'',0,'in thiệp',0,0,0,0,1570504361),(1005,'x','0982725454','','',2,0,0,'',0,'in 100 thiệp thôi nôi: 650,000 đồng',0,0,0,0,1570506654),(1006,'','','toquyen.nguyen@huynhbang.com','',3,14500000,0,'',4,'In 500 cuốn 36 trang (4.5tr)',0,0,0,0,1570516980),(1007,'','','thangd@scb.com.vn','',2,0,0,'',0,'Namecard 21 hộp',0,0,0,0,1570522511),(1008,'Huynh Ngoc Minh Chau','','','',2,0,0,'',0,'In folder',0,0,0,0,1570522633),(1009,'x','','phuongridley@gmail.com>','',0,0,0,'',0,'In cuốn sổ',0,0,0,0,1570524597),(1010,'Đình Thi','','','',3,0,0,'',4,'In Brochure (2tr)',0,0,0,0,1570524597),(1011,'D','','','',1,0,0,'',0,'In Thiệp thôi nôi',0,0,0,0,1570525207),(1012,'Khoa Học và đời sống','0971936565','','',2,0,0,'in gấp, như in cực rẻ',0,'200 Túi - 500 cái - 1000 túi\n23x 30 x8cm',0,0,0,0,1570525207),(1013,'Kiều Lâm','','','',3,0,0,'',4,'In 60 bộ thiệp',0,0,0,0,1570605223),(1014,'PHI HOÀNG','','','',3,500000,0,'',4,'IN THIỆP 20 BỘ',0,0,0,0,1570609290),(1015,'Anh Trọng','','','',1,0,0,'',0,'',0,0,0,0,1570610356);
/*!40000 ALTER TABLE `projects` ENABLE KEYS */;
UNLOCK TABLES;

--
-- Table structure for table `thuchi`
--

DROP TABLE IF EXISTS `thuchi`;
/*!40101 SET @saved_cs_client     = @@character_set_client */;
/*!40101 SET character_set_client = utf8 */;
CREATE TABLE `thuchi` (
  `TCID` int(10) unsigned NOT NULL AUTO_INCREMENT,
  `PID` int(11) NOT NULL,
  `des` varchar(1023) COLLATE utf8_unicode_ci NOT NULL,
  `amount` int(11) NOT NULL,
  `pom` tinyint(4) NOT NULL DEFAULT '1' COMMENT 'plus or minor',
  `created` int(11) DEFAULT NULL,
  PRIMARY KEY (`TCID`)
) ENGINE=InnoDB AUTO_INCREMENT=7 DEFAULT CHARSET=utf8 COLLATE=utf8_unicode_ci;
/*!40101 SET character_set_client = @saved_cs_client */;

--
-- Dumping data for table `thuchi`
--

LOCK TABLES `thuchi` WRITE;
/*!40000 ALTER TABLE `thuchi` DISABLE KEYS */;
INSERT INTO `thuchi` VALUES (1,139,'Cọc. chuyển khoản',240000,1,NULL),(2,139,'Thanh toán phần còn lại',320000,1,NULL),(3,141,'thu du',1700000,1,1557634489),(4,144,' ',0,1,1557634797),(5,196,' ',0,1,1558065019),(6,162,'coc 50%',350000,1,1558065167);
/*!40000 ALTER TABLE `thuchi` ENABLE KEYS */;
UNLOCK TABLES;

--
-- Table structure for table `timeline`
--

DROP TABLE IF EXISTS `timeline`;
/*!40101 SET @saved_cs_client     = @@character_set_client */;
/*!40101 SET character_set_client = utf8 */;
CREATE TABLE `timeline` (
  `TID` int(11) NOT NULL AUTO_INCREMENT,
  `PID` int(11) NOT NULL,
  `UID` int(11) NOT NULL,
  `task` varchar(255) COLLATE utf8_unicode_ci NOT NULL,
  `finish` tinyint(4) NOT NULL,
  `created` int(11) NOT NULL,
  PRIMARY KEY (`TID`)
) ENGINE=InnoDB AUTO_INCREMENT=747 DEFAULT CHARSET=utf8 COLLATE=utf8_unicode_ci;
/*!40101 SET character_set_client = @saved_cs_client */;

--
-- Dumping data for table `timeline`
--

LOCK TABLES `timeline` WRITE;
/*!40000 ALTER TABLE `timeline` DISABLE KEYS */;
INSERT INTO `timeline` VALUES (1,743,4,'Tiếp Nhận Đơn Hàng',1,1565274442),(2,743,2,'Xử Lý File',0,0),(3,743,1,'In Ấn',0,0),(4,743,7,'Gia Công Thành Phẩm',0,0),(5,743,1,'Giao Hàng',0,0),(6,744,4,'Tiếp Nhận Đơn Hàng',1,1565275086),(7,744,1,'Xử Lý File',1,1565321052),(8,744,1,'In Ấn',1,1565321067),(9,744,7,'Gia Công Thành Phẩm',0,0),(10,744,1,'Giao Hàng',0,0),(11,745,4,'Tiếp Nhận Đơn Hàng',1,1565313515),(12,745,0,'Xử Lý File',0,0),(13,745,0,'In Ấn',0,0),(14,745,0,'Gia Công Thành Phẩm',0,0),(15,745,0,'Giao Hàng',0,0),(16,748,4,'Tiếp Nhận Đơn Hàng',1,1565487608),(17,748,0,'Xử Lý File',0,0),(18,748,0,'In Ấn',0,0),(19,748,0,'Gia Công Thành Phẩm',0,0),(20,748,0,'Giao Hàng',0,0),(21,753,4,'Tiếp Nhận Đơn Hàng',1,1565592524),(22,753,2,'Xử Lý File',0,0),(23,753,1,'In Ấn',0,0),(24,753,7,'Gia Công Thành Phẩm',0,0),(25,753,1,'Giao Hàng',0,0),(26,757,4,'Tiếp Nhận Đơn Hàng',1,1565698558),(27,757,2,'Xử Lý File',0,0),(28,757,1,'In Ấn',0,0),(29,757,7,'Gia Công Thành Phẩm',0,0),(30,757,1,'Giao Hàng',0,0),(31,758,1,'Tiếp Nhận Đơn Hàng',1,1565747092),(32,758,1,'Xử Lý File',0,0),(33,758,1,'In Ấn',0,0),(34,758,7,'Gia Công Thành Phẩm',0,0),(35,758,1,'Giao Hàng',0,0),(36,760,4,'Tiếp Nhận Đơn Hàng',1,1565759088),(37,760,0,'Xử Lý File',0,0),(38,760,0,'In Ấn',0,0),(39,760,0,'Gia Công Thành Phẩm',0,0),(40,760,0,'Giao Hàng',0,0),(41,762,4,'Tiếp Nhận Đơn Hàng',1,1565770924),(42,762,0,'Xử Lý File',0,0),(43,762,0,'In Ấn',0,0),(44,762,0,'Gia Công Thành Phẩm',0,0),(45,762,0,'Giao Hàng',0,0),(46,763,4,'Tiếp Nhận Đơn Hàng',1,1565771428),(47,763,0,'Xử Lý File',0,0),(48,763,0,'In Ấn',0,0),(49,763,0,'Gia Công Thành Phẩm',0,0),(50,763,0,'Giao Hàng',0,0),(51,765,4,'Tiếp Nhận Đơn Hàng',1,1565773802),(52,765,0,'Xử Lý File',0,0),(53,765,0,'In Ấn',0,0),(54,765,0,'Gia Công Thành Phẩm',0,0),(55,765,0,'Giao Hàng',0,0),(56,767,4,'Tiếp Nhận Đơn Hàng',1,1565775738),(57,767,0,'Xử Lý File',0,0),(58,767,0,'In Ấn',0,0),(59,767,0,'Gia Công Thành Phẩm',0,0),(60,767,0,'Giao Hàng',0,0),(61,768,4,'Tiếp Nhận Đơn Hàng',1,1565780596),(62,768,0,'Xử Lý File',0,0),(63,768,0,'In Ấn',0,0),(64,768,0,'Gia Công Thành Phẩm',0,0),(65,768,0,'Giao Hàng',0,0),(66,679,0,'Xử Lý File',0,0),(67,679,0,'In Ấn',0,0),(68,679,0,'Gia Công Thành Phẩm',0,0),(69,679,0,'Giao Hàng',0,0),(70,769,0,'Xử Lý File',0,0),(71,769,0,'In Ấn',0,0),(72,769,0,'Gia Công Thành Phẩm',0,0),(73,769,0,'Giao Hàng',0,0),(74,770,0,'Xử Lý File',0,0),(75,770,0,'In Ấn',0,0),(76,770,0,'Gia Công Thành Phẩm',0,0),(77,770,0,'Giao Hàng',0,0),(78,775,4,'Tiếp Nhận Đơn Hàng',1,1565845222),(79,775,0,'Xử Lý File',0,0),(80,775,0,'In Ấn',0,0),(81,775,0,'Gia Công Thành Phẩm',0,0),(82,775,0,'Giao Hàng',0,0),(83,776,4,'Tiếp Nhận Đơn Hàng',1,1565845461),(84,776,0,'Xử Lý File',0,0),(85,776,0,'In Ấn',0,0),(86,776,0,'Gia Công Thành Phẩm',0,0),(87,776,0,'Giao Hàng',0,0),(88,776,4,'Tiếp Nhận Đơn Hàng',1,1565852545),(89,776,0,'Xử Lý File',0,0),(90,776,0,'In Ấn',0,0),(91,776,0,'Gia Công Thành Phẩm',0,0),(92,776,0,'Giao Hàng',0,0),(93,772,4,'Tiếp Nhận Đơn Hàng',1,1565876158),(94,772,0,'Xử Lý File',0,0),(95,772,0,'In Ấn',0,0),(96,772,0,'Gia Công Thành Phẩm',0,0),(97,772,0,'Giao Hàng',0,0),(98,671,4,'Tiếp Nhận Đơn Hàng',1,1565876189),(99,671,0,'Xử Lý File',0,0),(100,671,0,'In Ấn',0,0),(101,671,0,'Gia Công Thành Phẩm',0,0),(102,671,0,'Giao Hàng',0,0),(103,778,4,'Tiếp Nhận Đơn Hàng',1,1565883852),(104,778,0,'Xử Lý File',0,0),(105,778,0,'In Ấn',0,0),(106,778,0,'Gia Công Thành Phẩm',0,0),(107,778,0,'Giao Hàng',0,0),(108,779,4,'Tiếp Nhận Đơn Hàng',1,1565883903),(109,779,0,'Xử Lý File',0,0),(110,779,0,'In Ấn',0,0),(111,779,0,'Gia Công Thành Phẩm',0,0),(112,779,0,'Giao Hàng',0,0),(113,780,4,'Tiếp Nhận Đơn Hàng',1,1565884023),(114,780,0,'Xử Lý File',0,0),(115,780,0,'In Ấn',0,0),(116,780,0,'Gia Công Thành Phẩm',0,0),(117,780,0,'Giao Hàng',0,0),(118,782,4,'Tiếp Nhận Đơn Hàng',1,1565924688),(119,782,0,'Xử Lý File',0,0),(120,782,0,'In Ấn',0,0),(121,782,0,'Gia Công Thành Phẩm',0,0),(122,782,0,'Giao Hàng',0,0),(123,786,4,'Tiếp Nhận Đơn Hàng',1,1565937280),(124,786,0,'Xử Lý File',0,0),(125,786,0,'In Ấn',0,0),(126,786,0,'Gia Công Thành Phẩm',0,0),(127,786,0,'Giao Hàng',0,0),(128,783,4,'Tiếp Nhận Đơn Hàng',1,1565948458),(129,783,0,'Xử Lý File',0,0),(130,783,0,'In Ấn',0,0),(131,783,0,'Gia Công Thành Phẩm',0,0),(132,783,0,'Giao Hàng',0,0),(133,787,4,'Tiếp Nhận Đơn Hàng',1,1565962233),(134,787,0,'Xử Lý File',0,0),(135,787,0,'In Ấn',0,0),(136,787,0,'Gia Công Thành Phẩm',0,0),(137,787,0,'Giao Hàng',0,0),(138,788,4,'Tiếp Nhận Đơn Hàng',1,1566023019),(139,788,0,'Xử Lý File',0,0),(140,788,0,'In Ấn',0,0),(141,788,0,'Gia Công Thành Phẩm',0,0),(142,788,0,'Giao Hàng',0,0),(143,791,4,'Tiếp Nhận Đơn Hàng',1,1566186883),(144,791,0,'Xử Lý File',0,0),(145,791,0,'In Ấn',0,0),(146,791,0,'Gia Công Thành Phẩm',0,0),(147,791,0,'Giao Hàng',0,0),(148,792,4,'Tiếp Nhận Đơn Hàng',1,1566186901),(149,792,0,'Xử Lý File',0,0),(150,792,0,'In Ấn',0,0),(151,792,0,'Gia Công Thành Phẩm',0,0),(152,792,0,'Giao Hàng',0,0),(153,793,4,'Tiếp Nhận Đơn Hàng',1,1566188334),(154,793,0,'Xử Lý File',0,0),(155,793,0,'In Ấn',0,0),(156,793,0,'Gia Công Thành Phẩm',0,0),(157,793,0,'Giao Hàng',0,0),(158,797,1,'Tiếp Nhận Đơn Hàng',1,1566190002),(159,797,0,'Xử Lý File',0,0),(160,797,0,'In Ấn',0,0),(161,797,0,'Gia Công Thành Phẩm',0,0),(162,797,0,'Giao Hàng',0,0),(163,709,1,'Tiếp Nhận Đơn Hàng',1,1566190093),(164,709,6,'Xử Lý File',0,0),(165,709,1,'In Ấn',0,0),(166,709,7,'Gia Công Thành Phẩm',0,0),(167,709,1,'Giao Hàng',0,0),(168,798,4,'Tiếp Nhận Đơn Hàng',1,1566191077),(169,798,0,'Xử Lý File',0,0),(170,798,0,'In Ấn',0,0),(171,798,0,'Gia Công Thành Phẩm',0,0),(172,798,0,'Giao Hàng',0,0),(173,801,4,'Tiếp Nhận Đơn Hàng',1,1566196446),(174,801,0,'Xử Lý File',0,0),(175,801,0,'In Ấn',0,0),(176,801,0,'Gia Công Thành Phẩm',0,0),(177,801,0,'Giao Hàng',0,0),(178,797,4,'Tiếp Nhận Đơn Hàng',1,1566213491),(179,797,0,'Xử Lý File',0,0),(180,797,0,'In Ấn',0,0),(181,797,0,'Gia Công Thành Phẩm',0,0),(182,797,0,'Giao Hàng',0,0),(183,802,4,'Tiếp Nhận Đơn Hàng',1,1566220590),(184,802,0,'Xử Lý File',0,0),(185,802,0,'In Ấn',0,0),(186,802,0,'Gia Công Thành Phẩm',0,0),(187,802,0,'Giao Hàng',0,0),(188,805,4,'Tiếp Nhận Đơn Hàng',1,1566222108),(189,805,0,'Xử Lý File',0,0),(190,805,0,'In Ấn',0,0),(191,805,0,'Gia Công Thành Phẩm',0,0),(192,805,0,'Giao Hàng',0,0),(193,808,4,'Tiếp Nhận Đơn Hàng',1,1566266175),(194,808,0,'Xử Lý File',0,0),(195,808,0,'In Ấn',0,0),(196,808,0,'Gia Công Thành Phẩm',0,0),(197,808,0,'Giao Hàng',0,0),(198,806,4,'Tiếp Nhận Đơn Hàng',1,1566271554),(199,806,0,'Xử Lý File',0,0),(200,806,0,'In Ấn',0,0),(201,806,0,'Gia Công Thành Phẩm',0,0),(202,806,0,'Giao Hàng',0,0),(203,813,1,'Tiếp Nhận Đơn Hàng',1,1566290221),(204,813,2,'Xử Lý File',0,0),(205,813,1,'In Ấn',0,0),(206,813,7,'Gia Công Thành Phẩm',0,0),(207,813,1,'Giao Hàng',0,0),(208,818,4,'Tiếp Nhận Đơn Hàng',1,1566356297),(209,818,0,'Xử Lý File',0,0),(210,818,0,'In Ấn',0,0),(211,818,0,'Gia Công Thành Phẩm',0,0),(212,818,0,'Giao Hàng',0,0),(213,821,4,'Tiếp Nhận Đơn Hàng',1,1566357660),(214,821,0,'Xử Lý File',0,0),(215,821,0,'In Ấn',0,0),(216,821,0,'Gia Công Thành Phẩm',0,0),(217,821,0,'Giao Hàng',0,0),(218,796,4,'Tiếp Nhận Đơn Hàng',1,1566363840),(219,796,0,'Xử Lý File',0,0),(220,796,0,'In Ấn',0,0),(221,796,0,'Gia Công Thành Phẩm',0,0),(222,796,0,'Giao Hàng',0,0),(223,825,4,'Tiếp Nhận Đơn Hàng',1,1566435802),(224,825,0,'Xử Lý File',0,0),(225,825,0,'In Ấn',0,0),(226,825,0,'Gia Công Thành Phẩm',0,0),(227,825,0,'Giao Hàng',0,0),(228,827,4,'Tiếp Nhận Đơn Hàng',1,1566523096),(229,827,0,'Xử Lý File',0,0),(230,827,0,'In Ấn',0,0),(231,827,0,'Gia Công Thành Phẩm',0,0),(232,827,0,'Giao Hàng',0,0),(233,828,4,'Tiếp Nhận Đơn Hàng',1,1566523125),(234,828,0,'Xử Lý File',0,0),(235,828,0,'In Ấn',0,0),(236,828,0,'Gia Công Thành Phẩm',0,0),(237,828,0,'Giao Hàng',0,0),(238,823,4,'Tiếp Nhận Đơn Hàng',1,1566534371),(239,823,0,'Xử Lý File',0,0),(240,823,0,'In Ấn',0,0),(241,823,0,'Gia Công Thành Phẩm',0,0),(242,823,0,'Giao Hàng',0,0),(243,826,4,'Tiếp Nhận Đơn Hàng',1,1566534470),(244,826,0,'Xử Lý File',0,0),(245,826,0,'In Ấn',0,0),(246,826,0,'Gia Công Thành Phẩm',0,0),(247,826,0,'Giao Hàng',0,0),(248,824,4,'Tiếp Nhận Đơn Hàng',1,1566534546),(249,824,0,'Xử Lý File',0,0),(250,824,0,'In Ấn',0,0),(251,824,0,'Gia Công Thành Phẩm',0,0),(252,824,0,'Giao Hàng',0,0),(253,830,4,'Tiếp Nhận Đơn Hàng',1,1567474383),(254,830,0,'Xử Lý File',0,0),(255,830,0,'In Ấn',0,0),(256,830,0,'Gia Công Thành Phẩm',0,0),(257,830,0,'Giao Hàng',0,0),(258,831,4,'Tiếp Nhận Đơn Hàng',1,1567481395),(259,831,0,'Xử Lý File',0,0),(260,831,0,'In Ấn',0,0),(261,831,0,'Gia Công Thành Phẩm',0,0),(262,831,0,'Giao Hàng',0,0),(263,832,4,'Tiếp Nhận Đơn Hàng',1,1567646398),(264,832,0,'Xử Lý File',0,0),(265,832,0,'In Ấn',0,0),(266,832,0,'Gia Công Thành Phẩm',0,0),(267,832,0,'Giao Hàng',0,0),(268,833,4,'Tiếp Nhận Đơn Hàng',1,1567646513),(269,833,0,'Xử Lý File',0,0),(270,833,0,'In Ấn',0,0),(271,833,0,'Gia Công Thành Phẩm',0,0),(272,833,0,'Giao Hàng',0,0),(273,834,4,'Tiếp Nhận Đơn Hàng',1,1567647262),(274,834,0,'Xử Lý File',0,0),(275,834,0,'In Ấn',0,0),(276,834,0,'Gia Công Thành Phẩm',0,0),(277,834,0,'Giao Hàng',0,0),(278,835,4,'Tiếp Nhận Đơn Hàng',1,1567647387),(279,835,0,'Xử Lý File',0,0),(280,835,0,'In Ấn',0,0),(281,835,0,'Gia Công Thành Phẩm',0,0),(282,835,0,'Giao Hàng',0,0),(283,837,4,'Tiếp Nhận Đơn Hàng',1,1567659017),(284,837,0,'Xử Lý File',0,0),(285,837,0,'In Ấn',0,0),(286,837,0,'Gia Công Thành Phẩm',0,0),(287,837,0,'Giao Hàng',0,0),(288,840,4,'Tiếp Nhận Đơn Hàng',1,1568075832),(289,840,0,'Xử Lý File',0,0),(290,840,0,'In Ấn',0,0),(291,840,0,'Gia Công Thành Phẩm',0,0),(292,840,0,'Giao Hàng',0,0),(293,841,4,'Tiếp Nhận Đơn Hàng',1,1568075902),(294,841,0,'Xử Lý File',0,0),(295,841,0,'In Ấn',0,0),(296,841,0,'Gia Công Thành Phẩm',0,0),(297,841,0,'Giao Hàng',0,0),(298,857,4,'Tiếp Nhận Đơn Hàng',1,1568333855),(299,857,0,'Xử Lý File',0,0),(300,857,0,'In Ấn',0,0),(301,857,0,'Gia Công Thành Phẩm',0,0),(302,857,0,'Giao Hàng',0,0),(303,859,4,'Tiếp Nhận Đơn Hàng',1,1568334417),(304,859,0,'Xử Lý File',0,0),(305,859,0,'In Ấn',0,0),(306,859,0,'Gia Công Thành Phẩm',0,0),(307,859,0,'Giao Hàng',0,0),(308,858,4,'Tiếp Nhận Đơn Hàng',1,1568334420),(309,858,0,'Xử Lý File',0,0),(310,858,0,'In Ấn',0,0),(311,858,0,'Gia Công Thành Phẩm',0,0),(312,858,0,'Giao Hàng',0,0),(313,860,4,'Tiếp Nhận Đơn Hàng',1,1568334568),(314,860,0,'Xử Lý File',0,0),(315,860,0,'In Ấn',0,0),(316,860,0,'Gia Công Thành Phẩm',0,0),(317,860,0,'Giao Hàng',0,0),(318,865,4,'Tiếp Nhận Đơn Hàng',1,1568602294),(319,865,0,'Xử Lý File',0,0),(320,865,0,'In Ấn',0,0),(321,865,0,'Gia Công Thành Phẩm',0,0),(322,865,0,'Giao Hàng',0,0),(323,866,4,'Tiếp Nhận Đơn Hàng',1,1568602785),(324,866,0,'Xử Lý File',0,0),(325,866,0,'In Ấn',0,0),(326,866,0,'Gia Công Thành Phẩm',0,0),(327,866,0,'Giao Hàng',0,0),(328,869,1,'Tiếp Nhận Đơn Hàng',1,1568620561),(329,869,2,'Xử Lý File',0,0),(330,869,6,'In Ấn',0,0),(331,869,7,'Gia Công Thành Phẩm',0,0),(332,869,1,'Giao Hàng',0,0),(333,870,1,'Tiếp Nhận Đơn Hàng',1,1568623246),(334,870,0,'Xử Lý File',0,0),(335,870,0,'In Ấn',0,0),(336,870,0,'Gia Công Thành Phẩm',0,0),(337,870,0,'Giao Hàng',0,0),(338,864,1,'Tiếp Nhận Đơn Hàng',1,1568629952),(339,864,0,'Xử Lý File',0,0),(340,864,0,'In Ấn',0,0),(341,864,0,'Gia Công Thành Phẩm',0,0),(342,864,0,'Giao Hàng',0,0),(343,873,4,'Tiếp Nhận Đơn Hàng',1,1568704207),(344,873,0,'Xử Lý File',0,0),(345,873,0,'In Ấn',0,0),(346,873,0,'Gia Công Thành Phẩm',0,0),(347,873,0,'Giao Hàng',0,0),(348,874,4,'Tiếp Nhận Đơn Hàng',1,1568704371),(349,874,0,'Xử Lý File',0,0),(350,874,0,'In Ấn',0,0),(351,874,0,'Gia Công Thành Phẩm',0,0),(352,874,0,'Giao Hàng',0,0),(353,875,4,'Tiếp Nhận Đơn Hàng',1,1568704441),(354,875,0,'Xử Lý File',0,0),(355,875,0,'In Ấn',0,0),(356,875,0,'Gia Công Thành Phẩm',0,0),(357,875,0,'Giao Hàng',0,0),(358,871,4,'Tiếp Nhận Đơn Hàng',1,1568704948),(359,871,0,'Xử Lý File',0,0),(360,871,0,'In Ấn',0,0),(361,871,0,'Gia Công Thành Phẩm',0,0),(362,871,0,'Giao Hàng',0,0),(363,872,4,'Tiếp Nhận Đơn Hàng',1,1568705036),(364,872,0,'Xử Lý File',0,0),(365,872,0,'In Ấn',0,0),(366,872,0,'Gia Công Thành Phẩm',0,0),(367,872,0,'Giao Hàng',0,0),(368,876,4,'Tiếp Nhận Đơn Hàng',1,1568705401),(369,876,0,'Xử Lý File',0,0),(370,876,0,'In Ấn',0,0),(371,876,0,'Gia Công Thành Phẩm',0,0),(372,876,0,'Giao Hàng',0,0),(373,877,4,'Tiếp Nhận Đơn Hàng',1,1568705874),(374,877,0,'Xử Lý File',0,0),(375,877,0,'In Ấn',0,0),(376,877,0,'Gia Công Thành Phẩm',0,0),(377,877,0,'Giao Hàng',0,0),(378,878,4,'Tiếp Nhận Đơn Hàng',1,1568705902),(379,878,0,'Xử Lý File',0,0),(380,878,0,'In Ấn',0,0),(381,878,0,'Gia Công Thành Phẩm',0,0),(382,878,0,'Giao Hàng',0,0),(383,880,4,'Tiếp Nhận Đơn Hàng',1,1568707399),(384,880,0,'Xử Lý File',0,0),(385,880,0,'In Ấn',0,0),(386,880,0,'Gia Công Thành Phẩm',0,0),(387,880,0,'Giao Hàng',0,0),(388,881,4,'Tiếp Nhận Đơn Hàng',1,1568708247),(389,881,0,'Xử Lý File',0,0),(390,881,0,'In Ấn',0,0),(391,881,0,'Gia Công Thành Phẩm',0,0),(392,881,0,'Giao Hàng',0,0),(393,836,4,'Tiếp Nhận Đơn Hàng',1,1568724243),(394,836,0,'Xử Lý File',0,0),(395,836,0,'In Ấn',0,0),(396,836,0,'Gia Công Thành Phẩm',0,0),(397,836,0,'Giao Hàng',0,0),(398,883,4,'Tiếp Nhận Đơn Hàng',1,1568727080),(399,883,0,'Xử Lý File',0,0),(400,883,0,'In Ấn',0,0),(401,883,0,'Gia Công Thành Phẩm',0,0),(402,883,0,'Giao Hàng',0,0),(403,885,4,'Tiếp Nhận Đơn Hàng',1,1568772218),(404,885,0,'Xử Lý File',0,0),(405,885,0,'In Ấn',0,0),(406,885,0,'Gia Công Thành Phẩm',0,0),(407,885,0,'Giao Hàng',0,0),(408,887,4,'Tiếp Nhận Đơn Hàng',1,1568776256),(409,887,0,'Xử Lý File',0,0),(410,887,0,'In Ấn',0,0),(411,887,0,'Gia Công Thành Phẩm',0,0),(412,887,0,'Giao Hàng',0,0),(413,888,4,'Tiếp Nhận Đơn Hàng',1,1568792177),(414,888,0,'Xử Lý File',0,0),(415,888,0,'In Ấn',0,0),(416,888,0,'Gia Công Thành Phẩm',0,0),(417,888,0,'Giao Hàng',0,0),(418,890,0,'Xử Lý File',0,0),(419,890,0,'In Ấn',0,0),(420,890,0,'Gia Công Thành Phẩm',0,0),(421,890,0,'Giao Hàng',0,0),(422,893,4,'Tiếp Nhận Đơn Hàng',1,1569224297),(423,893,0,'Xử Lý File',0,0),(424,893,0,'In Ấn',0,0),(425,893,0,'Gia Công Thành Phẩm',0,0),(426,893,0,'Giao Hàng',0,0),(427,895,4,'Tiếp Nhận Đơn Hàng',1,1569233593),(428,895,0,'Xử Lý File',0,0),(429,895,0,'In Ấn',0,0),(430,895,0,'Gia Công Thành Phẩm',0,0),(431,895,0,'Giao Hàng',0,0),(432,896,4,'Tiếp Nhận Đơn Hàng',1,1569307883),(433,896,0,'Xử Lý File',0,0),(434,896,0,'In Ấn',0,0),(435,896,0,'Gia Công Thành Phẩm',0,0),(436,896,0,'Giao Hàng',0,0),(437,897,4,'Tiếp Nhận Đơn Hàng',1,1569309204),(438,897,0,'Xử Lý File',0,0),(439,897,0,'In Ấn',0,0),(440,897,0,'Gia Công Thành Phẩm',0,0),(441,897,0,'Giao Hàng',0,0),(442,899,4,'Tiếp Nhận Đơn Hàng',1,1569309914),(443,899,0,'Xử Lý File',0,0),(444,899,0,'In Ấn',0,0),(445,899,0,'Gia Công Thành Phẩm',0,0),(446,899,0,'Giao Hàng',0,0),(447,900,4,'Tiếp Nhận Đơn Hàng',1,1569375576),(448,900,0,'Xử Lý File',0,0),(449,900,0,'In Ấn',0,0),(450,900,0,'Gia Công Thành Phẩm',0,0),(451,900,0,'Giao Hàng',0,0),(452,902,4,'Tiếp Nhận Đơn Hàng',1,1569507306),(453,902,0,'Xử Lý File',0,0),(454,902,0,'In Ấn',0,0),(455,902,0,'Gia Công Thành Phẩm',0,0),(456,902,0,'Giao Hàng',0,0),(457,901,4,'Tiếp Nhận Đơn Hàng',1,1569507475),(458,901,0,'Xử Lý File',0,0),(459,901,0,'In Ấn',0,0),(460,901,0,'Gia Công Thành Phẩm',0,0),(461,901,0,'Giao Hàng',0,0),(462,903,4,'Tiếp Nhận Đơn Hàng',1,1569507584),(463,903,0,'Xử Lý File',0,0),(464,903,0,'In Ấn',0,0),(465,903,0,'Gia Công Thành Phẩm',0,0),(466,903,0,'Giao Hàng',0,0),(467,904,4,'Tiếp Nhận Đơn Hàng',1,1569507635),(468,904,0,'Xử Lý File',0,0),(469,904,0,'In Ấn',0,0),(470,904,0,'Gia Công Thành Phẩm',0,0),(471,904,0,'Giao Hàng',0,0),(472,909,4,'Tiếp Nhận Đơn Hàng',1,1569902500),(473,909,0,'Xử Lý File',0,0),(474,909,0,'In Ấn',0,0),(475,909,0,'Gia Công Thành Phẩm',0,0),(476,909,0,'Giao Hàng',0,0),(477,912,4,'Tiếp Nhận Đơn Hàng',1,1569902584),(478,912,0,'Xử Lý File',0,0),(479,912,0,'In Ấn',0,0),(480,912,0,'Gia Công Thành Phẩm',0,0),(481,912,0,'Giao Hàng',0,0),(482,916,4,'Tiếp Nhận Đơn Hàng',1,1569910020),(483,916,0,'Xử Lý File',0,0),(484,916,0,'In Ấn',0,0),(485,916,0,'Gia Công Thành Phẩm',0,0),(486,916,0,'Giao Hàng',0,0),(487,920,4,'Tiếp Nhận Đơn Hàng',1,1569919131),(488,920,0,'Xử Lý File',0,0),(489,920,0,'In Ấn',0,0),(490,920,0,'Gia Công Thành Phẩm',0,0),(491,920,0,'Giao Hàng',0,0),(492,924,4,'Tiếp Nhận Đơn Hàng',1,1569924539),(493,924,0,'Xử Lý File',0,0),(494,924,0,'In Ấn',0,0),(495,924,0,'Gia Công Thành Phẩm',0,0),(496,924,0,'Giao Hàng',0,0),(497,923,4,'Tiếp Nhận Đơn Hàng',1,1569925279),(498,923,0,'Xử Lý File',0,0),(499,923,0,'In Ấn',0,0),(500,923,0,'Gia Công Thành Phẩm',0,0),(501,923,0,'Giao Hàng',0,0),(502,920,4,'Tiếp Nhận Đơn Hàng',1,1569932338),(503,920,0,'Xử Lý File',0,0),(504,920,0,'In Ấn',0,0),(505,920,0,'Gia Công Thành Phẩm',0,0),(506,920,0,'Giao Hàng',0,0),(507,927,4,'Tiếp Nhận Đơn Hàng',1,1569979283),(508,927,0,'Xử Lý File',0,0),(509,927,0,'In Ấn',0,0),(510,927,0,'Gia Công Thành Phẩm',0,0),(511,927,0,'Giao Hàng',0,0),(512,929,4,'Tiếp Nhận Đơn Hàng',1,1569979578),(513,929,0,'Xử Lý File',0,0),(514,929,0,'In Ấn',0,0),(515,929,0,'Gia Công Thành Phẩm',0,0),(516,929,0,'Giao Hàng',0,0),(517,930,4,'Tiếp Nhận Đơn Hàng',1,1569982571),(518,930,0,'Xử Lý File',0,0),(519,930,0,'In Ấn',0,0),(520,930,0,'Gia Công Thành Phẩm',0,0),(521,930,0,'Giao Hàng',0,0),(522,934,4,'Tiếp Nhận Đơn Hàng',1,1569982990),(523,934,0,'Xử Lý File',0,0),(524,934,0,'In Ấn',0,0),(525,934,0,'Gia Công Thành Phẩm',0,0),(526,934,0,'Giao Hàng',0,0),(527,928,4,'Tiếp Nhận Đơn Hàng',1,1569989464),(528,928,0,'Xử Lý File',0,0),(529,928,0,'In Ấn',0,0),(530,928,0,'Gia Công Thành Phẩm',0,0),(531,928,0,'Giao Hàng',0,0),(532,938,4,'Tiếp Nhận Đơn Hàng',1,1569990440),(533,938,0,'Xử Lý File',0,0),(534,938,0,'In Ấn',0,0),(535,938,0,'Gia Công Thành Phẩm',0,0),(536,938,0,'Giao Hàng',0,0),(537,933,4,'Tiếp Nhận Đơn Hàng',1,1569998303),(538,933,0,'Xử Lý File',0,0),(539,933,0,'In Ấn',0,0),(540,933,0,'Gia Công Thành Phẩm',0,0),(541,933,0,'Giao Hàng',0,0),(542,940,4,'Tiếp Nhận Đơn Hàng',1,1569999649),(543,940,0,'Xử Lý File',0,0),(544,940,0,'In Ấn',0,0),(545,940,0,'Gia Công Thành Phẩm',0,0),(546,940,0,'Giao Hàng',0,0),(547,941,4,'Tiếp Nhận Đơn Hàng',1,1569999735),(548,941,0,'Xử Lý File',0,0),(549,941,0,'In Ấn',0,0),(550,941,0,'Gia Công Thành Phẩm',0,0),(551,941,0,'Giao Hàng',0,0),(552,942,4,'Tiếp Nhận Đơn Hàng',1,1570004743),(553,942,0,'Xử Lý File',0,0),(554,942,0,'In Ấn',0,0),(555,942,0,'Gia Công Thành Phẩm',0,0),(556,942,0,'Giao Hàng',0,0),(557,944,4,'Tiếp Nhận Đơn Hàng',1,1570010262),(558,944,0,'Xử Lý File',0,0),(559,944,0,'In Ấn',0,0),(560,944,0,'Gia Công Thành Phẩm',0,0),(561,944,0,'Giao Hàng',0,0),(562,945,4,'Tiếp Nhận Đơn Hàng',1,1570012011),(563,945,0,'Xử Lý File',0,0),(564,945,0,'In Ấn',0,0),(565,945,0,'Gia Công Thành Phẩm',0,0),(566,945,0,'Giao Hàng',0,0),(567,943,4,'Tiếp Nhận Đơn Hàng',1,1570016919),(568,943,0,'Xử Lý File',0,0),(569,943,0,'In Ấn',0,0),(570,943,0,'Gia Công Thành Phẩm',0,0),(571,943,0,'Giao Hàng',0,0),(572,947,4,'Tiếp Nhận Đơn Hàng',1,1570069831),(573,947,0,'Xử Lý File',0,0),(574,947,0,'In Ấn',0,0),(575,947,0,'Gia Công Thành Phẩm',0,0),(576,947,0,'Giao Hàng',0,0),(577,949,4,'Tiếp Nhận Đơn Hàng',1,1570071517),(578,949,0,'Xử Lý File',0,0),(579,949,0,'In Ấn',0,0),(580,949,0,'Gia Công Thành Phẩm',0,0),(581,949,0,'Giao Hàng',0,0),(582,951,4,'Tiếp Nhận Đơn Hàng',1,1570072617),(583,951,0,'Xử Lý File',0,0),(584,951,0,'In Ấn',0,0),(585,951,0,'Gia Công Thành Phẩm',0,0),(586,951,0,'Giao Hàng',0,0),(587,952,4,'Tiếp Nhận Đơn Hàng',1,1570074213),(588,952,0,'Xử Lý File',0,0),(589,952,0,'In Ấn',0,0),(590,952,0,'Gia Công Thành Phẩm',0,0),(591,952,0,'Giao Hàng',0,0),(592,950,4,'Tiếp Nhận Đơn Hàng',1,1570076791),(593,950,0,'Xử Lý File',0,0),(594,950,0,'In Ấn',0,0),(595,950,0,'Gia Công Thành Phẩm',0,0),(596,950,0,'Giao Hàng',0,0),(597,957,4,'Tiếp Nhận Đơn Hàng',1,1570091617),(598,957,0,'Xử Lý File',0,0),(599,957,0,'In Ấn',0,0),(600,957,0,'Gia Công Thành Phẩm',0,0),(601,957,0,'Giao Hàng',0,0),(602,954,4,'Tiếp Nhận Đơn Hàng',1,1570091830),(603,954,0,'Xử Lý File',0,0),(604,954,0,'In Ấn',0,0),(605,954,0,'Gia Công Thành Phẩm',0,0),(606,954,0,'Giao Hàng',0,0),(607,961,4,'Tiếp Nhận Đơn Hàng',1,1570092994),(608,961,0,'Xử Lý File',0,0),(609,961,0,'In Ấn',0,0),(610,961,0,'Gia Công Thành Phẩm',0,0),(611,961,0,'Giao Hàng',0,0),(612,962,4,'Tiếp Nhận Đơn Hàng',1,1570096106),(613,962,0,'Xử Lý File',0,0),(614,962,0,'In Ấn',0,0),(615,962,0,'Gia Công Thành Phẩm',0,0),(616,962,0,'Giao Hàng',0,0),(617,963,4,'Tiếp Nhận Đơn Hàng',1,1570158115),(618,963,0,'Xử Lý File',0,0),(619,963,0,'In Ấn',0,0),(620,963,0,'Gia Công Thành Phẩm',0,0),(621,963,0,'Giao Hàng',0,0),(622,971,4,'Tiếp Nhận Đơn Hàng',1,1570179518),(623,971,0,'Xử Lý File',0,0),(624,971,0,'In Ấn',0,0),(625,971,0,'Gia Công Thành Phẩm',0,0),(626,971,0,'Giao Hàng',0,0),(627,974,4,'Tiếp Nhận Đơn Hàng',1,1570346051),(628,974,0,'Xử Lý File',0,0),(629,974,0,'In Ấn',0,0),(630,974,0,'Gia Công Thành Phẩm',0,0),(631,974,0,'Giao Hàng',0,0),(632,975,4,'Tiếp Nhận Đơn Hàng',1,1570346668),(633,975,0,'Xử Lý File',0,0),(634,975,0,'In Ấn',0,0),(635,975,0,'Gia Công Thành Phẩm',0,0),(636,975,0,'Giao Hàng',0,0),(637,976,4,'Tiếp Nhận Đơn Hàng',1,1570346968),(638,976,0,'Xử Lý File',0,0),(639,976,0,'In Ấn',0,0),(640,976,0,'Gia Công Thành Phẩm',0,0),(641,976,0,'Giao Hàng',0,0),(642,919,4,'Tiếp Nhận Đơn Hàng',1,1570347906),(643,919,0,'Xử Lý File',0,0),(644,919,0,'In Ấn',0,0),(645,919,0,'Gia Công Thành Phẩm',0,0),(646,919,0,'Giao Hàng',0,0),(647,943,4,'Tiếp Nhận Đơn Hàng',1,1570348183),(648,943,0,'Xử Lý File',0,0),(649,943,0,'In Ấn',0,0),(650,943,0,'Gia Công Thành Phẩm',0,0),(651,943,0,'Giao Hàng',0,0),(652,978,4,'Tiếp Nhận Đơn Hàng',1,1570348438),(653,978,0,'Xử Lý File',0,0),(654,978,0,'In Ấn',0,0),(655,978,0,'Gia Công Thành Phẩm',0,0),(656,978,0,'Giao Hàng',0,0),(657,979,4,'Tiếp Nhận Đơn Hàng',1,1570349419),(658,979,0,'Xử Lý File',0,0),(659,979,0,'In Ấn',0,0),(660,979,0,'Gia Công Thành Phẩm',0,0),(661,979,0,'Giao Hàng',0,0),(662,980,4,'Tiếp Nhận Đơn Hàng',1,1570408329),(663,980,0,'Xử Lý File',0,0),(664,980,0,'In Ấn',0,0),(665,980,0,'Gia Công Thành Phẩm',0,0),(666,980,0,'Giao Hàng',0,0),(667,982,4,'Tiếp Nhận Đơn Hàng',1,1570411541),(668,982,0,'Xử Lý File',0,0),(669,982,0,'In Ấn',0,0),(670,982,0,'Gia Công Thành Phẩm',0,0),(671,982,0,'Giao Hàng',0,0),(672,983,4,'Tiếp Nhận Đơn Hàng',1,1570411564),(673,983,0,'Xử Lý File',0,0),(674,983,0,'In Ấn',0,0),(675,983,0,'Gia Công Thành Phẩm',0,0),(676,983,0,'Giao Hàng',0,0),(677,984,4,'Tiếp Nhận Đơn Hàng',1,1570413631),(678,984,0,'Xử Lý File',0,0),(679,984,0,'In Ấn',0,0),(680,984,0,'Gia Công Thành Phẩm',0,0),(681,984,0,'Giao Hàng',0,0),(682,990,4,'Tiếp Nhận Đơn Hàng',1,1570425198),(683,990,0,'Xử Lý File',0,0),(684,990,0,'In Ấn',0,0),(685,990,0,'Gia Công Thành Phẩm',0,0),(686,990,0,'Giao Hàng',0,0),(687,991,4,'Tiếp Nhận Đơn Hàng',1,1570425282),(688,991,0,'Xử Lý File',0,0),(689,991,0,'In Ấn',0,0),(690,991,0,'Gia Công Thành Phẩm',0,0),(691,991,0,'Giao Hàng',0,0),(692,985,4,'Tiếp Nhận Đơn Hàng',1,1570426785),(693,985,0,'Xử Lý File',0,0),(694,985,0,'In Ấn',0,0),(695,985,0,'Gia Công Thành Phẩm',0,0),(696,985,0,'Giao Hàng',0,0),(697,993,4,'Tiếp Nhận Đơn Hàng',1,1570432599),(698,993,0,'Xử Lý File',0,0),(699,993,0,'In Ấn',0,0),(700,993,0,'Gia Công Thành Phẩm',0,0),(701,993,0,'Giao Hàng',0,0),(702,999,4,'Tiếp Nhận Đơn Hàng',1,1570453589),(703,999,0,'Xử Lý File',0,0),(704,999,0,'In Ấn',0,0),(705,999,0,'Gia Công Thành Phẩm',0,0),(706,999,0,'Giao Hàng',0,0),(707,1000,4,'Tiếp Nhận Đơn Hàng',1,1570455795),(708,1000,0,'Xử Lý File',0,0),(709,1000,0,'In Ấn',0,0),(710,1000,0,'Gia Công Thành Phẩm',0,0),(711,1000,0,'Giao Hàng',0,0),(712,1003,4,'Tiếp Nhận Đơn Hàng',1,1570496019),(713,1003,0,'Xử Lý File',0,0),(714,1003,0,'In Ấn',0,0),(715,1003,0,'Gia Công Thành Phẩm',0,0),(716,1003,0,'Giao Hàng',0,0),(717,951,4,'Tiếp Nhận Đơn Hàng',1,1570506135),(718,951,0,'Xử Lý File',0,0),(719,951,0,'In Ấn',0,0),(720,951,0,'Gia Công Thành Phẩm',0,0),(721,951,0,'Giao Hàng',0,0),(722,1006,4,'Tiếp Nhận Đơn Hàng',1,1570516990),(723,1006,0,'Xử Lý File',0,0),(724,1006,0,'In Ấn',0,0),(725,1006,0,'Gia Công Thành Phẩm',0,0),(726,1006,0,'Giao Hàng',0,0),(727,1010,4,'Tiếp Nhận Đơn Hàng',1,1570605237),(728,1010,0,'Xử Lý File',0,0),(729,1010,0,'In Ấn',0,0),(730,1010,0,'Gia Công Thành Phẩm',0,0),(731,1010,0,'Giao Hàng',0,0),(732,1013,4,'Tiếp Nhận Đơn Hàng',1,1570608290),(733,1013,0,'Xử Lý File',0,0),(734,1013,0,'In Ấn',0,0),(735,1013,0,'Gia Công Thành Phẩm',0,0),(736,1013,0,'Giao Hàng',0,0),(737,1014,4,'Tiếp Nhận Đơn Hàng',1,1570609306),(738,1014,0,'Xử Lý File',0,0),(739,1014,0,'In Ấn',0,0),(740,1014,0,'Gia Công Thành Phẩm',0,0),(741,1014,0,'Giao Hàng',0,0),(742,986,4,'Tiếp Nhận Đơn Hàng',1,1570610368),(743,986,0,'Xử Lý File',0,0),(744,986,0,'In Ấn',0,0),(745,986,0,'Gia Công Thành Phẩm',0,0),(746,986,0,'Giao Hàng',0,0);
/*!40000 ALTER TABLE `timeline` ENABLE KEYS */;
UNLOCK TABLES;

--
-- Table structure for table `users`
--

DROP TABLE IF EXISTS `users`;
/*!40101 SET @saved_cs_client     = @@character_set_client */;
/*!40101 SET character_set_client = utf8 */;
CREATE TABLE `users` (
  `ID` int(11) NOT NULL AUTO_INCREMENT,
  `name` varchar(255) COLLATE utf8_unicode_ci NOT NULL,
  `password` varchar(255) COLLATE utf8_unicode_ci NOT NULL,
  `role` varchar(255) COLLATE utf8_unicode_ci NOT NULL,
  `fullname` varchar(255) COLLATE utf8_unicode_ci NOT NULL,
  PRIMARY KEY (`ID`)
) ENGINE=InnoDB AUTO_INCREMENT=8 DEFAULT CHARSET=utf8 COLLATE=utf8_unicode_ci;
/*!40101 SET character_set_client = @saved_cs_client */;

--
-- Dumping data for table `users`
--

LOCK TABLES `users` WRITE;
/*!40000 ALTER TABLE `users` DISABLE KEYS */;
INSERT INTO `users` VALUES (1,'son','1885e46b0ec4e787fad11754c7319b50','1','T Sơn'),(2,'phuc','6dd544e6b7ab3369a62d4c994362a3cc','3','Phúc'),(3,'delivery1','763d21e2fadf44104db6c222d54a15af','6','T. Anh'),(4,'ha','0ca58797289a7cafef2372fd748f6b4a','1','Hà'),(5,'chi','7c32420582153f3d1461ad5b2fe611a2','2','Chi Phan'),(6,'khoa','e15c0fbe60ae42e8fcc8f46195c4ce9b','3','Khoa'),(7,'tai','3d2326d4ff44929b3ffcd526c1a7870f','5','Tài');
/*!40000 ALTER TABLE `users` ENABLE KEYS */;
UNLOCK TABLES;

--
-- Table structure for table `variables`
--

DROP TABLE IF EXISTS `variables`;
/*!40101 SET @saved_cs_client     = @@character_set_client */;
/*!40101 SET character_set_client = utf8 */;
CREATE TABLE `variables` (
  `VID` int(11) NOT NULL AUTO_INCREMENT,
  `name` varchar(2047) COLLATE utf8_unicode_ci NOT NULL,
  `value` int(11) NOT NULL,
  PRIMARY KEY (`VID`)
) ENGINE=InnoDB AUTO_INCREMENT=8 DEFAULT CHARSET=utf8 COLLATE=utf8_unicode_ci;
/*!40101 SET character_set_client = @saved_cs_client */;

--
-- Dumping data for table `variables`
--

LOCK TABLES `variables` WRITE;
/*!40000 ALTER TABLE `variables` DISABLE KEYS */;
INSERT INTO `variables` VALUES (1,'Giá 1 bài in 65x86',1200000),(2,'Giá 1 bài in 65x43',800000),(3,'Giá 1 bài in 32x43',600000),(4,'Giá 1 ram C300',1700000),(5,'Giá 1 ram C250',1400000),(6,'Giá 1 ram C200',1150000),(7,'Giá 1 ram C150',860000);
/*!40000 ALTER TABLE `variables` ENABLE KEYS */;
UNLOCK TABLES;
/*!40103 SET TIME_ZONE=@OLD_TIME_ZONE */;

/*!40101 SET SQL_MODE=@OLD_SQL_MODE */;
/*!40014 SET FOREIGN_KEY_CHECKS=@OLD_FOREIGN_KEY_CHECKS */;
/*!40014 SET UNIQUE_CHECKS=@OLD_UNIQUE_CHECKS */;
/*!40101 SET CHARACTER_SET_CLIENT=@OLD_CHARACTER_SET_CLIENT */;
/*!40101 SET CHARACTER_SET_RESULTS=@OLD_CHARACTER_SET_RESULTS */;
/*!40101 SET COLLATION_CONNECTION=@OLD_COLLATION_CONNECTION */;
/*!40111 SET SQL_NOTES=@OLD_SQL_NOTES */;

-- Dump completed on 2019-10-09 10:45:31
